frame_id,x,y,width,height,diarized_speaker_id,face_id,is_speaking,face_detection_confidence
0,2640.0107421875,733.701904296875,357.3984375,468.18994140625,-1,0,False,0.9550046324729919
0,784.6710205078125,709.9398193359375,288.638916015625,379.03662109375,-1,1,False,0.9203653335571289
1,2639.8125,733.6827392578125,357.51171875,468.5955810546875,-1,0,False,0.9550579190254211
1,784.755859375,711.91845703125,287.76708984375,378.9844970703125,-1,1,False,0.9180077314376831
2,2639.5576171875,733.7449951171875,357.568359375,468.6318359375,-1,0,False,0.9548999667167664
2,784.7827758789062,713.33935546875,287.55999755859375,378.792236328125,0,1,True,0.9184688925743103
3,2639.109375,733.6236572265625,357.70263671875,468.8724365234375,-1,0,False,0.9549440145492554
3,784.863037109375,714.83984375,287.007568359375,378.750244140625,0,1,True,0.9184593558311462
4,2638.630615234375,733.6468505859375,357.89404296875,468.841552734375,-1,0,False,0.9546937346458435
4,784.8140258789062,715.7454223632812,286.61761474609375,378.45941162109375,0,1,True,0.9188094735145569
5,2638.0390625,733.6435546875,357.87841796875,469.0787353515625,-1,0,False,0.9547630548477173
5,784.6062622070312,716.3948974609375,286.54058837890625,377.58056640625,0,1,True,0.9186527729034424
6,2637.426025390625,733.7706298828125,357.94775390625,469.170166015625,-1,0,False,0.9547662138938904
6,784.4006958007812,716.9614868164062,286.51531982421875,376.76336669921875,0,1,True,0.9171056747436523
7,2636.570068359375,733.9837036132812,358.16064453125,469.27459716796875,-1,0,False,0.9546326398849487
7,784.2852172851562,717.5791015625,286.55462646484375,376.008056640625,0,1,True,0.9156312346458435
8,2635.634765625,734.1328735351562,358.5068359375,469.32037353515625,-1,0,False,0.9545018672943115
8,783.63525390625,718.6891479492188,286.98193359375,375.19110107421875,0,1,True,0.9167405366897583
9,2634.949462890625,734.3739013671875,358.826171875,469.37255859375,-1,0,False,0.9545585513114929
9,783.1064453125,721.6842651367188,286.972412109375,373.69879150390625,0,1,True,0.9147816300392151
10,2634.286865234375,734.491455078125,359.2822265625,469.7861328125,-1,0,False,0.954167902469635
10,782.3035888671875,723.5679931640625,288.134033203125,373.446044921875,0,1,True,0.9147025346755981
11,2633.994384765625,734.7705688476562,359.42919921875,469.87530517578125,-1,0,False,0.9544434547424316
11,781.4493408203125,727.426513671875,290.0357666015625,374.368408203125,0,1,True,0.9126491546630859
12,2633.730224609375,734.99951171875,359.5947265625,470.1053466796875,-1,0,False,0.9546802639961243
12,782.9002075195312,731.2244262695312,289.85211181640625,377.73541259765625,0,1,True,0.9158290028572083
13,2633.735595703125,735.008544921875,359.658203125,470.2957763671875,-1,0,False,0.9548473358154297
13,784.2662963867188,734.1646728515625,289.32745361328125,378.338623046875,0,1,True,0.9184622764587402
14,2633.757080078125,734.9649658203125,359.7734375,470.4417724609375,-1,0,False,0.9550125002861023
14,784.9104614257812,735.581298828125,289.48736572265625,379.3724365234375,0,1,True,0.9203001856803894
15,2633.77294921875,734.94873046875,359.85791015625,470.579345703125,-1,0,False,0.955187976360321
15,785.44873046875,736.5654907226562,289.23583984375,379.94952392578125,0,1,True,0.9215160608291626
16,2633.874755859375,734.9183959960938,360.04443359375,470.88751220703125,-1,0,False,0.9554227590560913
16,785.7894897460938,737.034423828125,289.41119384765625,380.733154296875,0,1,True,0.9222272634506226
17,2634.172607421875,734.8551025390625,360.0322265625,471.064453125,-1,0,False,0.955706000328064
17,786.1390991210938,737.5526733398438,289.37750244140625,381.13787841796875,0,1,True,0.9213990569114685
18,2634.373046875,734.7666015625,360.1357421875,471.216796875,-1,0,False,0.955743134021759
18,786.4761962890625,737.9576416015625,289.6082763671875,381.1475830078125,0,1,True,0.9190647602081299
19,2634.591064453125,734.7171630859375,360.1552734375,471.1224365234375,-1,0,False,0.9555567502975464
19,786.7744750976562,738.2362060546875,289.43719482421875,380.341552734375,0,1,True,0.9154994487762451
20,2634.90673828125,734.7307739257812,360.16796875,471.03118896484375,-1,0,False,0.9555884003639221
20,787.038330078125,738.4456787109375,289.4267578125,380.2325439453125,0,1,True,0.9145088791847229
21,2635.06689453125,734.726318359375,360.34716796875,471.5274658203125,-1,0,False,0.9554667472839355
21,787.1834106445312,738.9281005859375,289.80206298828125,380.231201171875,0,1,True,0.9141338467597961
22,2635.256103515625,734.917724609375,360.25146484375,472.02392578125,-1,0,False,0.9553850293159485
22,787.2635498046875,739.645263671875,290.0931396484375,380.4951171875,0,1,True,0.914168655872345
23,2635.396728515625,735.0386962890625,360.3330078125,472.3338623046875,-1,0,False,0.9551486372947693
23,787.2285766601562,739.9327392578125,290.11114501953125,381.676025390625,0,1,True,0.9165502786636353
24,2635.54833984375,735.2186889648438,360.3388671875,472.67340087890625,-1,0,False,0.9548050761222839
24,786.8802490234375,740.3563842773438,290.33544921875,382.19635009765625,0,1,True,0.9184693098068237
25,2635.59033203125,735.8143310546875,360.74951171875,473.35546875,-1,0,False,0.9538882970809937
25,786.5133056640625,740.1964721679688,290.2095947265625,381.02447509765625,0,1,True,0.9174566268920898
26,2635.7939453125,736.79833984375,360.71142578125,473.5693359375,-1,0,False,0.9530828595161438
26,786.1917114257812,739.453369140625,290.50360107421875,378.9031982421875,0,1,True,0.9147220849990845
27,2635.899169921875,737.858154296875,360.857421875,473.461181640625,-1,0,False,0.9521903991699219
27,785.999267578125,738.614013671875,290.82373046875,376.3077392578125,0,1,True,0.911339282989502
28,2636.216552734375,738.9363403320312,360.873046875,474.15814208984375,-1,0,False,0.9517555832862854
28,785.5465087890625,737.3712158203125,291.3492431640625,375.39599609375,0,1,True,0.9090922474861145
29,2636.3212890625,739.6315307617188,361.5888671875,475.12237548828125,-1,0,False,0.9516795873641968
29,785.1109619140625,736.4232177734375,291.7264404296875,375.66796875,0,1,True,0.9102954864501953
30,2636.23193359375,740.4591674804688,362.55908203125,475.15045166015625,-1,0,False,0.9523211121559143
30,784.656982421875,736.1957397460938,291.9986572265625,375.13360595703125,0,1,True,0.9099834561347961
31,2636.0146484375,740.847412109375,363.97509765625,476.00341796875,-1,0,False,0.9527544975280762
31,784.2679443359375,736.6285400390625,291.6517333984375,373.7037353515625,0,1,True,0.9108004570007324
32,2635.806640625,740.9232177734375,365.4580078125,477.4713134765625,-1,0,False,0.952005922794342
32,784.0180053710938,737.098388671875,291.17376708984375,372.1995849609375,0,1,True,0.9111442565917969
33,2635.794677734375,740.4213256835938,366.650390625,478.30255126953125,-1,0,False,0.9522876143455505
33,783.829345703125,737.3516845703125,290.8748779296875,371.77685546875,0,1,True,0.9126958847045898
34,2635.919189453125,739.42626953125,367.5126953125,479.146484375,-1,0,False,0.9523969888687134
34,783.6137084960938,737.211181640625,290.97442626953125,371.8739013671875,0,1,True,0.9123170375823975
35,2636.316650390625,738.2842407226562,368.080078125,480.79669189453125,-1,0,False,0.9522048830986023
35,783.8853759765625,737.28515625,290.850341796875,371.841796875,0,1,True,0.9118916392326355
36,2636.9580078125,737.434326171875,368.380859375,481.861572265625,-1,0,False,0.9524546265602112
36,784.3746337890625,737.53271484375,290.7899169921875,371.9290771484375,0,1,True,0.9117923378944397
37,2637.344970703125,736.7619018554688,368.79248046875,483.26861572265625,-1,0,False,0.9524062871932983
37,784.6629638671875,737.645751953125,290.6722412109375,371.99072265625,0,1,True,0.9118762016296387
38,2637.846923828125,736.2041015625,368.85693359375,484.5374755859375,-1,0,False,0.9523578882217407
38,785.2330932617188,737.465087890625,290.77191162109375,372.40380859375,0,1,True,0.9109792113304138
39,2638.1123046875,735.7239379882812,369.12451171875,485.73126220703125,-1,0,False,0.9523800611495972
39,785.730712890625,737.741455078125,290.69384765625,372.294921875,0,1,True,0.9107507467269897
40,2638.440185546875,735.3424682617188,369.34619140625,486.66314697265625,-1,0,False,0.9521010518074036
40,786.2513427734375,738.133544921875,290.4427490234375,371.9351806640625,0,1,True,0.9102075099945068
41,2638.64990234375,734.893310546875,369.49560546875,487.9254150390625,-1,0,False,0.9519718289375305
41,786.6067504882812,738.3997802734375,290.55169677734375,371.806396484375,0,1,True,0.9101391434669495
42,2638.8076171875,734.6548461914062,369.56201171875,488.81707763671875,-1,0,False,0.9519166946411133
42,786.880859375,738.3135986328125,290.877197265625,372.0517578125,0,1,True,0.9095596075057983
43,2638.934326171875,734.338134765625,369.71044921875,489.545166015625,-1,0,False,0.9521769881248474
43,787.3023681640625,738.5183715820312,291.0400390625,372.73797607421875,0,1,True,0.9095558524131775
44,2639.233154296875,734.21728515625,369.5751953125,490.2471923828125,-1,0,False,0.9522562623023987
44,787.7398681640625,738.5490112304688,291.1939697265625,373.59454345703125,0,1,True,0.908009946346283
45,2639.304931640625,734.0552978515625,369.6328125,490.7904052734375,-1,0,False,0.9521905183792114
45,788.2547607421875,739.3782958984375,291.17822265625,373.1387939453125,0,1,True,0.9067317843437195
46,2639.41845703125,734.0138549804688,369.60400390625,491.25140380859375,-1,0,False,0.9521051645278931
46,789.015869140625,740.6242065429688,291.1204833984375,372.06939697265625,0,1,True,0.9059499502182007
47,2639.122802734375,733.9774169921875,369.8095703125,491.529052734375,-1,0,False,0.9518306255340576
47,789.4408569335938,741.780517578125,291.06658935546875,370.5772705078125,0,1,True,0.9049053192138672
48,2638.728515625,734.0586547851562,370.0576171875,491.56488037109375,-1,0,False,0.951785683631897
48,789.9495849609375,742.2455444335938,290.74853515625,369.63385009765625,0,1,True,0.9042692184448242
49,2638.2431640625,733.8958740234375,370.3076171875,491.816650390625,-1,0,False,0.9516074657440186
49,790.285400390625,742.3673095703125,290.716064453125,369.6502685546875,0,1,True,0.9033023118972778
50,2637.6171875,733.9249267578125,370.6171875,492.088134765625,-1,0,False,0.9517741203308105
50,790.5157470703125,742.2598876953125,290.7864990234375,370.1826171875,0,1,True,0.9038026332855225
51,2636.7392578125,734.1382446289062,371.0380859375,492.18365478515625,-1,0,False,0.9519864916801453
51,790.4623413085938,742.2175903320312,291.05572509765625,370.47662353515625,0,1,True,0.9043388366699219
52,2635.788330078125,734.4002685546875,371.48291015625,492.37890625,-1,0,False,0.9517335295677185
52,790.3184814453125,742.0321044921875,291.507080078125,370.902587890625,0,1,True,0.9044660925865173
53,2634.931640625,734.3609008789062,371.63818359375,492.82110595703125,-1,0,False,0.9515561461448669
53,790.1656494140625,742.0263671875,291.7943115234375,371.2313232421875,0,1,True,0.9057836532592773
54,2634.056640625,734.2356567382812,371.78369140625,493.32550048828125,-1,0,False,0.9513088464736938
54,790.1126098632812,742.26123046875,291.85467529296875,371.307861328125,0,1,True,0.906748354434967
55,2633.2119140625,734.158935546875,371.84716796875,493.6251220703125,-1,0,False,0.9511775374412537
55,789.7745361328125,741.9505004882812,292.21923828125,371.95184326171875,0,1,True,0.9088642597198486
56,2632.415283203125,734.2680053710938,371.89013671875,493.71636962890625,-1,0,False,0.9513483047485352
56,789.673828125,741.7951049804688,292.1295166015625,372.55072021484375,0,1,True,0.9103898406028748
57,2631.734619140625,734.2462158203125,371.970703125,494.0032958984375,-1,0,False,0.9513453245162964
57,789.6351318359375,741.8099365234375,291.942138671875,374.1304931640625,0,1,True,0.9124122858047485
58,2631.097412109375,734.1534423828125,372.10498046875,494.1583251953125,-1,0,False,0.9510361552238464
58,789.669677734375,742.143310546875,291.9053955078125,376.0755615234375,0,1,True,0.9120776653289795
59,2630.462646484375,734.0662231445312,372.388671875,494.34259033203125,-1,0,False,0.9508175849914551
59,789.657470703125,742.8859252929688,291.959228515625,375.95904541015625,0,1,True,0.9120393991470337
60,2629.984619140625,734.0911865234375,372.4892578125,494.4853515625,-1,0,False,0.9503909945487976
60,789.8308715820312,743.6657104492188,292.10015869140625,375.25897216796875,0,1,True,0.9103302955627441
61,2629.6552734375,734.1298828125,372.685546875,494.4945068359375,-1,0,False,0.9503976702690125
61,790.3253784179688,744.77880859375,291.75225830078125,374.10400390625,0,1,True,0.9092457890510559
62,2629.3935546875,734.1700439453125,372.7880859375,494.5924072265625,-1,0,False,0.9503024816513062
62,790.6883544921875,745.5849609375,291.684326171875,373.4046630859375,0,1,True,0.9083753228187561
63,2629.099853515625,734.2372436523438,372.923828125,494.69744873046875,-1,0,False,0.9500014781951904
63,791.1409912109375,746.2508544921875,291.5986328125,373.0712890625,0,1,True,0.9067038297653198
64,2628.821044921875,734.2594604492188,372.98046875,494.90728759765625,-1,0,False,0.949621856212616
64,791.3731689453125,746.775146484375,291.3524169921875,372.7293701171875,0,1,True,0.906061589717865
65,2628.67578125,734.0596923828125,373.1796875,495.238037109375,-1,0,False,0.9496181011199951
65,791.3864135742188,747.0863647460938,291.19354248046875,372.41534423828125,0,1,True,0.9062193632125854
66,2628.573974609375,733.843505859375,373.41162109375,495.5623779296875,-1,0,False,0.949571430683136
66,791.1243896484375,746.8465576171875,291.391357421875,372.027587890625,0,1,True,0.9059922099113464
67,2628.488037109375,733.547119140625,373.67333984375,495.864013671875,-1,0,False,0.949566125869751
67,790.7301025390625,746.8201293945312,291.456787109375,371.38775634765625,0,1,True,0.9068325161933899
68,2628.47119140625,733.3430786132812,373.7646484375,495.97259521484375,-1,0,False,0.9495960474014282
68,790.2460327148438,747.9066162109375,291.45318603515625,370.091064453125,0,1,True,0.9083190560340881
69,2628.570556640625,732.9950561523438,373.99169921875,496.19427490234375,-1,0,False,0.9498978853225708
69,789.807861328125,749.3925170898438,291.3450927734375,368.90167236328125,0,1,True,0.9104384779930115
70,2628.8134765625,732.4385375976562,374.30908203125,496.68267822265625,-1,0,False,0.9498302936553955
70,789.3739013671875,750.388671875,291.508544921875,368.089111328125,0,1,True,0.9108947515487671
71,2629.123046875,731.99267578125,374.73974609375,497.23291015625,-1,0,False,0.9498763680458069
71,789.4295654296875,750.8150024414062,291.3565673828125,367.49774169921875,0,1,True,0.9104213714599609
72,2629.574462890625,731.5836181640625,375.0126953125,497.7972412109375,-1,0,False,0.9500664472579956
72,789.5770263671875,750.9321899414062,291.29833984375,367.21112060546875,0,1,False,0.9097927808761597
73,2629.896484375,731.374267578125,375.39794921875,498.7564697265625,-1,0,False,0.9498088955879211
73,789.4132080078125,751.3863525390625,291.159912109375,366.732177734375,0,1,False,0.9109867215156555
74,2630.3125,731.3292846679688,375.49560546875,499.70001220703125,-1,0,False,0.949455976486206
74,789.1644897460938,752.1603393554688,290.95098876953125,365.92608642578125,0,1,False,0.9119285345077515
75,2630.7822265625,731.3773803710938,375.72705078125,500.54217529296875,-1,0,False,0.9494560956954956
75,788.8411865234375,753.032958984375,290.53515625,365.1610107421875,0,1,False,0.9124501943588257
76,2631.2802734375,731.6070556640625,375.80126953125,501.0206298828125,-1,0,False,0.9494885206222534
76,788.3739624023438,754.1881103515625,290.00140380859375,364.3009033203125,0,1,False,0.9141491055488586
77,2631.85791015625,731.56396484375,375.849609375,501.7318115234375,-1,0,False,0.9489565491676331
77,787.7890625,754.6539306640625,290.0987548828125,363.97900390625,0,1,False,0.9142783284187317
78,2631.45263671875,734.1093139648438,375.5810546875,498.24468994140625,-1,0,False,0.9493936896324158
78,787.1289672851562,754.8082885742188,290.54815673828125,363.89642333984375,0,1,False,0.9142148494720459
79,2631.54052734375,735.037109375,375.82373046875,497.35791015625,-1,0,False,0.9495958089828491
79,787.048828125,755.027587890625,290.724853515625,364.0584716796875,0,1,False,0.9148738384246826
80,2631.811279296875,735.3629760742188,376.0048828125,497.42132568359375,-1,0,False,0.9497914910316467
80,786.9169921875,755.2628784179688,290.7994384765625,364.16705322265625,0,1,False,0.9152945876121521
81,2632.13623046875,735.5990600585938,376.08837890625,497.78643798828125,-1,0,False,0.9498845338821411
81,787.2532958984375,755.639404296875,291.1253662109375,364.1573486328125,0,1,False,0.9138558506965637
82,2632.5400390625,735.7279663085938,376.20751953125,498.30242919921875,-1,0,False,0.9500650763511658
82,788.0293579101562,756.342041015625,291.21124267578125,364.3013916015625,0,1,False,0.9130014777183533
83,2632.7861328125,735.7777709960938,376.427734375,498.90338134765625,-1,0,False,0.9502150416374207
83,788.7788696289062,756.9788208007812,291.58575439453125,364.79534912109375,0,1,False,0.9115365147590637
84,2632.9833984375,735.7527465820312,376.642578125,499.56219482421875,-1,0,False,0.9502979516983032
84,789.552978515625,757.3921508789062,291.909423828125,365.25286865234375,0,1,False,0.90903639793396
85,2633.15625,735.9598388671875,376.5400390625,500.2083740234375,-1,0,False,0.9503182172775269
85,790.1204833984375,757.88134765625,291.780029296875,365.3553466796875,0,1,False,0.907846212387085
86,2633.36328125,736.2137451171875,376.0712890625,501.6912841796875,-1,0,False,0.950475811958313
86,790.6500244140625,758.3218994140625,291.3486328125,365.2467041015625,0,1,False,0.9080907702445984
87,2633.86474609375,736.62841796875,375.267578125,505.17919921875,-1,0,False,0.9497933387756348
87,790.918212890625,758.2827758789062,291.236328125,365.40802001953125,0,1,False,0.9074353575706482
88,2634.57373046875,738.0308837890625,374.0263671875,507.308837890625,-1,0,False,0.9493438005447388
88,791.4645385742188,758.5531616210938,290.40643310546875,365.57037353515625,0,1,False,0.9060234427452087
89,2635.53564453125,739.984619140625,372.8359375,507.4287109375,1,0,True,0.9490059614181519
89,791.2197265625,758.9093017578125,290.2371826171875,365.576904296875,0,1,False,0.9072823524475098
90,2636.505859375,742.79052734375,372.5380859375,506.8199462890625,1,0,True,0.9475437998771667
90,790.88916015625,759.4122314453125,290.292236328125,365.265869140625,0,1,False,0.907053530216217
91,2638.06298828125,746.3690795898438,371.0986328125,504.97369384765625,1,0,True,0.9498828053474426
91,790.6083374023438,759.657470703125,290.34271240234375,365.0338134765625,0,1,False,0.9070472717285156
92,2640.844482421875,753.409912109375,370.89794921875,502.4906005859375,1,0,True,0.956012487411499
92,790.3697509765625,759.9423828125,290.2073974609375,364.872802734375,0,1,False,0.9068636894226074
93,2644.721435546875,761.1066284179688,369.54296875,499.79693603515625,1,0,True,0.9550260901451111
93,790.1336669921875,760.0234375,290.3931884765625,364.8232421875,0,1,False,0.9056336283683777
94,2649.24951171875,768.5134887695312,368.1259765625,496.84088134765625,1,0,True,0.9486443996429443
94,790.0693359375,760.218505859375,290.356689453125,364.590087890625,0,1,False,0.9047964215278625
95,2654.673583984375,774.0567626953125,364.60791015625,494.107177734375,1,0,True,0.9473384618759155
95,790.263916015625,760.501953125,290.165283203125,364.4447021484375,0,1,False,0.9036667346954346
96,2658.6416015625,777.419677734375,361.8642578125,491.9102783203125,1,0,True,0.9442684650421143
96,790.4581909179688,760.782958984375,289.89874267578125,364.319091796875,0,1,False,0.9030500650405884
97,2660.2001953125,777.50390625,360.79443359375,491.888671875,1,0,True,0.943524956703186
97,790.8411865234375,760.5873413085938,289.6373291015625,364.44024658203125,0,1,False,0.9014378190040588
98,2657.2373046875,775.2423095703125,363.328125,492.5859375,1,0,True,0.9467024207115173
98,791.8759765625,760.3116455078125,288.644775390625,364.547607421875,0,1,False,0.8999267816543579
99,2651.74560546875,772.5574951171875,367.115234375,491.94384765625,1,0,True,0.9499619007110596
99,792.4931030273438,760.2536010742188,288.03399658203125,364.54608154296875,0,1,False,0.9001429080963135
100,2646.58642578125,768.25390625,367.7939453125,491.0186767578125,1,0,True,0.9562231302261353
100,792.8013916015625,759.9781494140625,287.9337158203125,364.8115234375,0,1,False,0.9010931849479675
101,2639.795166015625,763.03271484375,368.2001953125,492.2039794921875,1,0,True,0.961036205291748
101,792.84375,759.8493041992188,287.85986328125,364.86041259765625,0,1,False,0.9021337628364563
102,2635.408447265625,759.6168823242188,366.34716796875,490.89239501953125,1,0,True,0.9604617357254028
102,792.8621826171875,759.5493774414062,287.809326171875,365.05926513671875,0,1,False,0.9033755660057068
103,2630.939208984375,758.2337646484375,364.43212890625,488.6944580078125,1,0,True,0.9563961625099182
103,792.708984375,759.3766479492188,287.9739990234375,365.03179931640625,0,1,False,0.9032043218612671
104,2624.840087890625,757.8674926757812,363.35546875,487.82391357421875,1,0,True,0.9552052021026611
104,792.2847900390625,758.9348754882812,288.5164794921875,365.33856201171875,0,1,False,0.9038482308387756
105,2618.310302734375,756.527099609375,363.9541015625,489.430419921875,1,0,True,0.9527491331100464
105,791.6234741210938,757.973876953125,289.37506103515625,366.1585693359375,0,1,False,0.9047858715057373
106,2611.85498046875,754.1907958984375,365.41259765625,492.9036865234375,1,0,True,0.9488285779953003
106,791.0521240234375,756.95654296875,289.9786376953125,367.025146484375,0,1,False,0.9074965119361877
107,2607.058349609375,752.73974609375,366.13671875,494.932861328125,1,0,True,0.9469626545906067
107,790.458984375,756.4034423828125,290.228515625,367.4300537109375,0,1,False,0.9099150896072388
108,2604.336669921875,752.16552734375,366.58544921875,495.7589111328125,1,0,True,0.9465303421020508
108,789.4744873046875,756.528076171875,290.1671142578125,367.129150390625,0,1,False,0.912540853023529
109,2604.556640625,751.61669921875,366.13720703125,496.3551025390625,1,0,True,0.9457060098648071
109,788.5342407226562,756.7357177734375,290.45574951171875,366.61474609375,0,1,False,0.9123570919036865
110,2606.838134765625,751.2042846679688,364.9375,496.40374755859375,1,0,True,0.9453561305999756
110,787.9953002929688,757.2006225585938,290.47125244140625,366.23345947265625,0,1,False,0.9130348563194275
111,2610.437744140625,751.0357666015625,362.7158203125,498.43359375,1,0,True,0.9491812586784363
111,786.85009765625,757.6141357421875,290.4759521484375,366.0789794921875,0,1,False,0.9145495891571045
112,2612.8603515625,750.0413208007812,362.07421875,504.61285400390625,1,0,True,0.9509320259094238
112,786.29150390625,757.760009765625,290.280029296875,365.800537109375,0,1,False,0.9146106839179993
113,2613.037841796875,749.5579833984375,362.2001953125,510.7061767578125,1,0,True,0.9517389535903931
113,785.773681640625,757.9007568359375,290.2137451171875,365.3116455078125,0,1,False,0.9146207571029663
114,2610.511474609375,749.8259887695312,363.33837890625,518.7396850585938,1,0,True,0.9505857229232788
114,785.390625,757.61083984375,290.2374267578125,365.3203125,0,1,False,0.9147036671638489
115,2608.193359375,752.18408203125,364.62109375,525.584228515625,1,0,True,0.9472211003303528
115,785.1690673828125,757.570068359375,290.139404296875,365.051025390625,0,1,False,0.9153698682785034
116,2606.467529296875,756.4290771484375,365.91259765625,526.5594482421875,1,0,True,0.9461040496826172
116,784.757080078125,757.1348266601562,290.206298828125,365.43878173828125,0,1,False,0.9168683290481567
117,2606.5078125,761.125244140625,366.11181640625,520.696044921875,1,0,True,0.9456107020378113
117,784.5338134765625,756.7889404296875,290.3353271484375,365.604248046875,0,1,False,0.9153815507888794
118,2607.89892578125,764.8160400390625,365.4765625,512.410888671875,1,0,True,0.9500584602355957
118,784.2484130859375,756.4032592773438,290.5809326171875,366.06866455078125,0,1,False,0.9159923791885376
119,2610.948486328125,766.400634765625,365.42919921875,505.9390869140625,1,0,True,0.9539721608161926
119,784.1787719726562,755.9529418945312,290.96551513671875,366.62969970703125,0,1,False,0.9157602190971375
120,2615.501708984375,768.1361694335938,365.236328125,501.21148681640625,1,0,True,0.9579426646232605
120,783.9378051757812,755.6695556640625,291.20501708984375,366.74951171875,0,1,False,0.9167616963386536
121,2622.1787109375,769.2925415039062,363.4677734375,498.61322021484375,1,0,True,0.9610140919685364
121,783.5654296875,755.2295532226562,291.46728515625,367.04193115234375,0,1,False,0.917280375957489
122,2628.47314453125,769.879150390625,362.86572265625,497.1158447265625,1,0,True,0.9619231224060059
122,783.1793823242188,755.08447265625,291.66632080078125,366.6539306640625,0,1,False,0.9172787070274353
123,2635.570068359375,770.2213745117188,361.6025390625,493.52447509765625,1,0,True,0.9612669348716736
123,782.9321899414062,755.24072265625,291.69219970703125,365.8099365234375,0,1,False,0.9173815846443176
124,2643.096923828125,769.1619873046875,360.671875,489.3140869140625,1,0,True,0.9539540410041809
124,782.9544067382812,755.2462158203125,291.49334716796875,365.162841796875,0,1,False,0.9182332754135132
125,2650.906494140625,766.5492553710938,359.9873046875,486.39361572265625,1,0,True,0.9421902298927307
125,783.0797119140625,755.4229736328125,291.3907470703125,364.479248046875,0,1,False,0.9169967174530029
126,2659.529296875,761.1217041015625,358.3896484375,490.2926025390625,1,0,True,0.9386129379272461
126,783.3712158203125,755.7866821289062,291.1607666015625,363.92156982421875,0,1,False,0.9170204401016235
127,2668.43701171875,758.2401123046875,356.06201171875,494.15576171875,1,0,True,0.9365139007568359
127,783.4512329101562,756.1453857421875,291.09246826171875,363.0941162109375,0,1,False,0.917828381061554
128,2676.53759765625,757.032470703125,353.31494140625,495.5423583984375,1,0,True,0.936409592628479
128,783.6580200195312,756.4882202148438,290.78045654296875,362.32379150390625,0,1,False,0.9185212850570679
129,2682.02880859375,756.9193115234375,352.458984375,495.9166259765625,1,0,True,0.9378253817558289
129,783.843017578125,756.858642578125,290.6453857421875,361.33984375,0,1,False,0.9173356294631958
130,2686.61328125,756.7701416015625,352.447265625,495.77734375,1,0,True,0.9387887716293335
130,784.05712890625,757.1729736328125,290.59228515625,360.3560791015625,0,1,False,0.9158281087875366
131,2690.726318359375,755.367431640625,352.92626953125,495.57470703125,1,0,True,0.9366626739501953
131,784.0406494140625,757.0195922851562,290.5111083984375,360.46502685546875,0,1,False,0.9169154167175293
132,2694.474609375,754.369140625,352.1884765625,494.5159912109375,1,0,True,0.9368013143539429
132,784.0169677734375,756.7752685546875,290.2374267578125,360.9454345703125,0,1,False,0.9183788895606995
133,2697.71142578125,753.381591796875,351.908203125,493.2926025390625,1,0,True,0.9362124800682068
133,784.1192626953125,756.83544921875,290.0933837890625,360.92529296875,0,1,False,0.9175422787666321
134,2700.32958984375,751.90966796875,351.501953125,491.7493896484375,1,0,True,0.9352470636367798
134,784.239990234375,757.4805297851562,289.9033203125,360.53570556640625,0,1,False,0.9176909327507019
135,2702.943115234375,750.3419799804688,350.708984375,489.72418212890625,1,0,True,0.9322607517242432
135,784.554931640625,758.8777465820312,289.7236328125,359.63592529296875,0,1,False,0.9135923981666565
136,2706.037109375,749.0681762695312,350.6064453125,487.20281982421875,1,0,True,0.9313607215881348
136,784.64892578125,759.9287719726562,290.146484375,359.59124755859375,0,1,False,0.9153961539268494
137,2709.776123046875,748.4664916992188,350.0947265625,484.32867431640625,1,0,True,0.9310975670814514
137,784.635986328125,761.0198974609375,290.56689453125,359.2181396484375,0,1,False,0.9142789244651794
138,2714.11669921875,748.5506591796875,348.92919921875,479.99609375,1,0,True,0.9312427043914795
138,784.9454956054688,760.8351440429688,290.57135009765625,359.72467041015625,0,1,False,0.9150272011756897
139,2719.037841796875,748.6568603515625,347.61865234375,475.8162841796875,1,0,True,0.933620035648346
139,785.4620971679688,758.52880859375,290.13226318359375,359.9644775390625,0,1,False,0.9137267470359802
140,2725.526611328125,748.2384643554688,343.48095703125,472.27130126953125,1,0,True,0.937936007976532
140,786.4525146484375,753.705810546875,290.642578125,361.0899658203125,0,1,False,0.9076056480407715
141,2730.0859375,747.9522094726562,342.0576171875,471.53558349609375,1,0,True,0.9411811232566833
141,787.5223388671875,745.047119140625,290.821044921875,366.2042236328125,0,1,False,0.9069022536277771
142,2733.685546875,747.3473510742188,342.17431640625,472.96392822265625,1,0,True,0.9433826804161072
142,789.0062866210938,742.6233520507812,289.78961181640625,363.59271240234375,0,1,False,0.90658038854599
143,2736.507568359375,745.7564086914062,342.54443359375,475.06658935546875,1,0,True,0.9433509707450867
143,790.50732421875,740.9292602539062,289.3111572265625,361.93621826171875,0,1,False,0.909307599067688
144,2738.688232421875,745.1160888671875,343.255859375,476.2823486328125,1,0,True,0.9448436498641968
144,791.5006103515625,740.0925903320312,289.1536865234375,361.61334228515625,0,1,False,0.90853351354599
145,2740.10546875,745.6277465820312,343.49658203125,476.74969482421875,1,0,True,0.9453724026679993
145,791.6988525390625,740.9398803710938,289.097412109375,361.67047119140625,0,1,False,0.9066709280014038
146,2741.196533203125,746.1549072265625,343.759765625,477.053466796875,1,0,True,0.9448831081390381
146,791.7758178710938,743.4593505859375,289.67950439453125,362.164306640625,0,1,False,0.9054003953933716
147,2741.47412109375,746.6279907226562,344.59716796875,477.04217529296875,1,0,True,0.9450846314430237
147,792.677978515625,745.8121337890625,290.224365234375,364.991455078125,0,1,False,0.8967422842979431
148,2741.4228515625,747.4453125,344.88427734375,476.1824951171875,1,0,True,0.9444725513458252
148,793.1551513671875,749.0279541015625,289.415771484375,365.385498046875,0,1,False,0.8981696367263794
149,2741.708740234375,750.1637573242188,345.0234375,475.21014404296875,1,0,True,0.943504273891449
149,794.277587890625,754.9121704101562,287.041259765625,361.81317138671875,0,1,False,0.8998072743415833
150,2742.265380859375,756.1099853515625,345.517578125,474.3345947265625,1,0,True,0.9502020478248596
150,794.4400634765625,758.6087036132812,285.3887939453125,359.37139892578125,0,1,False,0.9034053087234497
151,2742.88525390625,761.4613647460938,346.0,477.03863525390625,1,0,True,0.9587481617927551
151,794.1009521484375,759.392822265625,285.5902099609375,359.1881103515625,0,1,False,0.9026073217391968
152,2743.629150390625,762.9864501953125,347.51318359375,483.191650390625,1,0,True,0.9605688452720642
152,792.8516235351562,758.0008544921875,287.07537841796875,360.64306640625,0,1,False,0.9032339453697205
153,2744.6142578125,761.9345092773438,348.28662109375,486.98944091796875,1,0,True,0.9600143432617188
153,791.795654296875,755.1412353515625,288.29248046875,362.9117431640625,0,1,False,0.9030747413635254
154,2745.13525390625,760.0685424804688,349.71728515625,487.07879638671875,1,0,True,0.9558165073394775
154,791.0435791015625,753.6967163085938,289.0196533203125,363.35430908203125,0,1,False,0.9036136865615845
155,2745.597900390625,758.6593017578125,350.4638671875,485.9356689453125,1,0,True,0.9526610374450684
155,790.4569091796875,753.4154663085938,289.3541259765625,363.36981201171875,0,1,False,0.9045473337173462
156,2746.013671875,757.9464111328125,350.7255859375,484.12060546875,1,0,True,0.950390636920929
156,790.2150268554688,754.8051147460938,288.95294189453125,363.00860595703125,0,1,False,0.9072706699371338
157,2746.111328125,757.6366577148438,350.93017578125,483.10626220703125,1,0,True,0.9499058127403259
157,790.0764770507812,756.785400390625,288.43182373046875,361.6343994140625,0,1,False,0.9066759943962097
158,2746.235107421875,758.1576538085938,351.19140625,482.86309814453125,1,0,True,0.9507855772972107
158,789.8310546875,758.1849975585938,288.9156494140625,360.27166748046875,0,1,False,0.903760552406311
159,2746.29150390625,759.0928344726562,351.09423828125,482.76116943359375,1,0,True,0.9523071646690369
159,789.6304931640625,759.1259155273438,288.9833984375,359.52960205078125,0,1,False,0.903342068195343
160,2746.3681640625,760.3579711914062,350.90673828125,482.06243896484375,1,0,True,0.9535417556762695
160,789.552001953125,758.4647216796875,288.9027099609375,360.0101318359375,0,1,False,0.903703510761261
161,2746.109130859375,760.503662109375,350.61474609375,480.5849609375,1,0,True,0.9520715475082397
161,789.5728149414062,758.2384033203125,288.57037353515625,360.013916015625,0,1,False,0.9048953652381897
162,2745.547119140625,759.590576171875,350.6669921875,479.0047607421875,1,0,True,0.9493268132209778
162,789.675537109375,757.3217163085938,288.532470703125,360.63861083984375,0,1,False,0.9042540192604065
163,2745.259033203125,758.8888549804688,350.25341796875,477.27642822265625,1,0,True,0.9477455615997314
163,789.5880126953125,755.6207275390625,288.960205078125,361.766845703125,0,1,False,0.9039825201034546
164,2745.049560546875,757.9918212890625,349.41796875,476.321533203125,1,0,True,0.9457008838653564
164,789.578369140625,754.7376708984375,289.2237548828125,362.3170166015625,0,1,False,0.9032617211341858
165,2744.9140625,757.6024169921875,348.44580078125,475.3699951171875,1,0,True,0.9452175498008728
165,790.0311279296875,755.716064453125,288.892578125,361.9273681640625,0,1,False,0.9042534232139587
166,2744.7216796875,757.3822021484375,347.47265625,473.9671630859375,1,0,True,0.9430124759674072
166,790.4348754882812,757.9395141601562,288.52313232421875,360.51556396484375,0,1,False,0.903998613357544
167,2743.70947265625,756.7205810546875,346.90185546875,473.3145751953125,1,0,True,0.9427198767662048
167,790.3327026367188,759.5849609375,289.32257080078125,361.031982421875,0,1,False,0.901189386844635
168,2743.588134765625,756.7647094726562,346.02978515625,472.21014404296875,1,0,True,0.9423172473907471
168,790.1280517578125,762.9818725585938,288.9873046875,359.63031005859375,0,1,False,0.9028070569038391
169,2743.190185546875,756.3294067382812,345.27294921875,471.83441162109375,1,0,True,0.9426138401031494
169,790.2981567382812,764.7630615234375,288.78009033203125,358.906982421875,0,1,False,0.9040114879608154
170,2742.660888671875,754.9149169921875,343.72265625,472.174072265625,1,0,True,0.942637026309967
170,790.78466796875,762.9375610351562,288.7442626953125,360.68499755859375,0,1,False,0.9022641777992249
171,2742.13037109375,754.279541015625,342.46728515625,472.205078125,1,0,True,0.9432331919670105
171,791.68505859375,760.2294921875,288.5157470703125,361.965576171875,0,1,False,0.9026285409927368
172,2741.554931640625,753.73974609375,341.517578125,471.947265625,1,0,True,0.9440792798995972
172,791.857177734375,756.70703125,288.5928955078125,363.45947265625,0,1,False,0.9050447344779968
173,2740.868408203125,753.4122314453125,340.52685546875,472.369140625,1,0,True,0.9437822103500366
173,791.9514770507812,752.457763671875,289.29974365234375,365.4876708984375,0,1,False,0.9001757502555847
174,2739.769775390625,753.7991943359375,341.0908203125,473.876953125,1,0,True,0.9449646472930908
174,792.0048828125,749.9727783203125,289.554931640625,367.01611328125,0,1,False,0.9020451903343201
175,2738.97900390625,754.1016845703125,340.65234375,476.3037109375,1,0,True,0.947136402130127
175,792.1340942382812,749.0479125976562,289.64202880859375,367.30389404296875,0,1,False,0.9018919467926025
176,2738.28515625,754.1614379882812,340.5224609375,479.84320068359375,1,0,True,0.9493154287338257
176,791.8654174804688,749.9879150390625,289.82781982421875,366.6666259765625,0,1,False,0.9006679058074951
177,2737.170654296875,753.84765625,340.744140625,482.71240234375,1,0,True,0.9495096206665039
177,791.7130126953125,754.6515502929688,288.66748046875,363.67193603515625,0,1,False,0.9086974859237671
178,2735.88134765625,753.5259399414062,341.42578125,485.11102294921875,1,0,True,0.9509338736534119
178,791.4819946289062,758.1239013671875,288.67535400390625,362.4156494140625,0,1,False,0.9030436277389526
179,2735.481689453125,754.4160766601562,341.73779296875,484.89117431640625,1,0,True,0.9522691965103149
179,791.0345458984375,761.406494140625,288.2408447265625,361.23095703125,0,1,False,0.9054989218711853
180,2736.17919921875,755.78955078125,341.6162109375,482.2479248046875,1,0,True,0.9525853991508484
180,790.6956787109375,764.6638793945312,288.1953125,359.71551513671875,0,1,False,0.9042515754699707
181,2736.2880859375,757.3236694335938,343.5361328125,479.67413330078125,1,0,True,0.9544318318367004
181,790.646728515625,765.7001953125,288.281982421875,359.333251953125,0,1,False,0.9042401909828186
182,2736.093017578125,759.7858276367188,347.1611328125,480.65155029296875,1,0,True,0.9592377543449402
182,790.8326416015625,764.4283447265625,288.17626953125,359.8773193359375,0,1,False,0.9049267768859863
183,2736.315185546875,762.4042358398438,350.40625,483.26129150390625,1,0,True,0.9624486565589905
183,791.278564453125,762.3158569335938,288.4476318359375,361.02911376953125,0,1,False,0.9025644063949585
184,2736.092529296875,766.8280029296875,353.76171875,482.0408935546875,1,0,True,0.9640234112739563
184,791.6401977539062,759.984375,288.61199951171875,361.8216552734375,0,1,False,0.9026268720626831
185,2735.80859375,770.67822265625,355.751953125,479.4556884765625,1,0,True,0.9648469090461731
185,792.2730102539062,758.6922607421875,288.24798583984375,361.5413818359375,0,1,False,0.9023037552833557
186,2735.63720703125,773.886962890625,357.18115234375,477.430908203125,1,0,True,0.9649772644042969
186,792.486328125,757.9407348632812,288.1029052734375,361.46148681640625,0,1,False,0.9027552604675293
187,2734.703857421875,778.40234375,358.46630859375,476.7542724609375,1,0,True,0.9638849496841431
187,792.6657104492188,757.7933349609375,288.15338134765625,361.72412109375,0,1,False,0.9020153284072876
188,2733.984375,782.866455078125,358.955078125,482.816162109375,1,0,True,0.9650239944458008
188,792.7594604492188,758.354248046875,288.31719970703125,361.5640869140625,0,1,False,0.898918628692627
189,2733.86669921875,788.5135498046875,358.41552734375,489.325439453125,1,0,True,0.9632951021194458
189,793.1279907226562,760.34423828125,287.67742919921875,360.39501953125,0,1,False,0.901202380657196
190,2733.067138671875,793.722412109375,359.48974609375,494.32666015625,1,0,True,0.9602360129356384
190,793.120849609375,762.0466918945312,287.1572265625,359.62982177734375,0,1,False,0.9023147225379944
191,2733.13330078125,797.322509765625,359.8671875,492.818603515625,1,0,True,0.9603399038314819
191,793.569091796875,763.8768310546875,286.4459228515625,357.9979248046875,0,1,False,0.9010989665985107
192,2733.779052734375,798.27587890625,359.44091796875,486.794677734375,1,0,True,0.9619195461273193
192,793.8865966796875,763.9127807617188,286.47509765625,357.88482666015625,0,1,False,0.8987123370170593
193,2734.453125,798.2674560546875,359.37109375,479.15283203125,1,0,True,0.9642062783241272
193,794.630615234375,762.8953857421875,286.3148193359375,358.3514404296875,0,1,False,0.8966035842895508
194,2734.532958984375,796.9190063476562,360.08984375,476.94854736328125,1,0,True,0.9636532068252563
194,795.505615234375,762.0936279296875,285.7999267578125,357.9215087890625,0,1,False,0.8951473236083984
195,2734.1552734375,794.5664672851562,360.37548828125,479.26983642578125,1,0,True,0.9637212753295898
195,795.9193725585938,761.6031494140625,285.74810791015625,357.947021484375,0,1,False,0.8950623869895935
196,2733.08447265625,791.5170288085938,360.5517578125,485.45758056640625,1,0,True,0.9626001715660095
196,796.5771484375,760.12109375,285.37060546875,358.3792724609375,0,1,False,0.8961565494537354
197,2731.26025390625,788.1112670898438,360.2861328125,490.33709716796875,1,0,True,0.9626525640487671
197,797.155517578125,759.1864013671875,285.07373046875,358.477783203125,0,1,False,0.8958744406700134
198,2728.177490234375,785.4900512695312,360.95263671875,491.23187255859375,1,0,True,0.9640527963638306
198,797.66943359375,759.4112548828125,284.68017578125,358.1453857421875,0,1,False,0.896324872970581
199,2724.916259765625,783.56591796875,361.720703125,488.924560546875,1,0,True,0.9657886028289795
199,797.6115112304688,760.2713623046875,284.10748291015625,356.7611083984375,0,1,False,0.8945542573928833
200,2721.441650390625,780.253662109375,361.947265625,488.03125,1,0,True,0.965665876865387
200,797.57958984375,761.443115234375,284.598876953125,356.8182373046875,0,1,False,0.8946297764778137
201,2718.12060546875,776.345947265625,361.7138671875,486.5391845703125,1,0,True,0.9639489650726318
201,796.8973999023438,761.7385864257812,284.75543212890625,356.59100341796875,0,1,False,0.8926540017127991
202,2714.96337890625,771.1919555664062,360.67138671875,483.97955322265625,1,0,True,0.9551743865013123
202,796.332275390625,761.8895874023438,285.1390380859375,356.63824462890625,0,1,False,0.8926472663879395
203,2711.898193359375,766.5623779296875,359.12939453125,483.5921630859375,1,0,True,0.9507295489311218
203,796.0037841796875,762.3497314453125,286.0518798828125,357.4530029296875,0,1,False,0.8938034176826477
204,2708.868896484375,763.7379760742188,357.2314453125,484.73223876953125,1,0,True,0.948378324508667
204,796.1204833984375,762.0993041992188,286.0068359375,357.89117431640625,0,1,False,0.8946199417114258
205,2706.615966796875,761.3692626953125,355.05126953125,488.1893310546875,1,0,True,0.9477230906486511
205,796.1640625,761.6951904296875,285.852783203125,357.6947021484375,0,1,False,0.8956196308135986
206,2704.7119140625,760.1171875,352.47021484375,490.3577880859375,1,0,True,0.9467979669570923
206,796.1103515625,761.3642578125,285.682861328125,357.3116455078125,0,1,False,0.896242082118988
207,2702.516845703125,760.0865478515625,350.9892578125,488.8182373046875,1,0,True,0.9443461298942566
207,795.7440795898438,760.7098999023438,285.87347412109375,357.33966064453125,0,1,False,0.8976784944534302
208,2700.079345703125,759.5327758789062,350.0615234375,487.50994873046875,1,0,True,0.9400961995124817
208,795.6282348632812,760.51220703125,286.05035400390625,357.0245361328125,0,1,False,0.8959373831748962
209,2696.68408203125,759.01904296875,350.49169921875,486.140625,1,0,True,0.9366111159324646
209,795.3696899414062,760.6177978515625,286.25872802734375,356.7457275390625,0,1,False,0.8956231474876404
210,2693.266845703125,758.6864013671875,350.12353515625,486.0352783203125,1,0,True,0.9368219375610352
210,794.7177124023438,762.5091552734375,286.87017822265625,356.74072265625,0,1,False,0.8972176909446716
211,2689.74169921875,758.47509765625,348.65771484375,487.0167236328125,1,0,True,0.9391346573829651
211,794.1888427734375,765.7238159179688,286.9510498046875,354.76385498046875,0,1,False,0.8990693092346191
212,2685.7900390625,757.7330932617188,347.8349609375,486.51983642578125,1,0,True,0.9414968490600586
212,793.8660278320312,767.5400390625,287.13934326171875,354.2001953125,0,1,False,0.8994613289833069
213,2682.625732421875,756.3297729492188,347.57275390625,480.33624267578125,1,0,True,0.9386654496192932
213,794.1724243164062,767.8726196289062,286.99285888671875,354.06658935546875,0,1,False,0.8969351053237915
214,2680.08837890625,753.3436279296875,345.46484375,473.9229736328125,1,0,True,0.9394978284835815
214,794.2606201171875,765.0908813476562,287.0137939453125,355.93316650390625,0,1,False,0.8987225890159607
215,2676.672607421875,746.9360961914062,344.31982421875,474.50811767578125,1,0,True,0.9461472630500793
215,794.93798828125,761.3280029296875,286.3294677734375,357.3226318359375,0,1,False,0.8990433812141418
216,2674.89208984375,743.1096801757812,343.02880859375,472.68841552734375,1,0,True,0.9497857093811035
216,794.841552734375,756.8214111328125,287.05078125,359.6759033203125,0,1,False,0.8965719938278198
217,2673.858154296875,741.3734130859375,342.73876953125,471.73876953125,1,0,True,0.9512320160865784
217,794.1875,753.0982666015625,288.013427734375,361.7586669921875,0,1,False,0.894007682800293
218,2673.458251953125,740.7625732421875,342.427734375,472.3218994140625,1,0,True,0.951163113117218
218,793.4633178710938,752.40869140625,289.07086181640625,362.8768310546875,0,1,False,0.8979893326759338
219,2673.055908203125,740.9282836914062,342.380859375,472.89263916015625,1,0,True,0.9508345723152161
219,792.0552368164062,754.82763671875,289.50750732421875,362.244140625,0,1,False,0.9037761688232422
220,2672.77197265625,741.4918212890625,342.40625,473.543701171875,1,0,True,0.9507026076316833
220,790.0296020507812,757.8927001953125,289.75018310546875,361.3516845703125,0,1,False,0.9083635210990906
221,2671.779296875,741.804931640625,342.5791015625,473.65185546875,1,0,True,0.9517412185668945
221,787.0916748046875,759.1484375,290.4501953125,361.33837890625,0,1,False,0.9143832921981812
222,2670.49755859375,742.2213134765625,343.32470703125,473.623779296875,1,0,True,0.9522194862365723
222,782.2985229492188,758.617919921875,293.28326416015625,362.904541015625,0,1,False,0.9208176732063293
223,2669.08447265625,742.7109985351562,343.814453125,473.25640869140625,1,0,True,0.9523571133613586
223,777.858154296875,758.2390747070312,294.9775390625,364.65472412109375,0,1,False,0.9273255467414856
224,2668.240478515625,745.6011352539062,343.5849609375,468.72711181640625,1,0,True,0.9529117941856384
224,774.0699462890625,756.8002319335938,295.825439453125,366.37481689453125,0,1,False,0.9280465245246887
225,2666.37109375,747.0191040039062,343.9814453125,466.92901611328125,1,0,True,0.9545735716819763
225,772.572509765625,755.7343139648438,296.3541259765625,367.26715087890625,0,1,False,0.9273229837417603
226,2663.837158203125,747.8701171875,345.17919921875,465.856689453125,1,0,False,0.9555939435958862
226,772.0440673828125,753.894775390625,296.983154296875,369.256591796875,0,1,False,0.930766224861145
227,2661.716064453125,748.525146484375,345.744140625,465.3375244140625,1,0,False,0.9558869004249573
227,772.9993286132812,752.6405029296875,297.16180419921875,371.029052734375,0,1,False,0.9320417642593384
228,2659.87646484375,749.3217163085938,346.103515625,465.03924560546875,1,0,False,0.9566454887390137
228,774.468017578125,752.093994140625,296.747802734375,373.106201171875,0,1,True,0.9309235215187073
229,2658.028076171875,749.940673828125,346.341796875,464.6678466796875,1,0,False,0.9570586681365967
229,776.0712890625,750.0011596679688,295.651123046875,373.68243408203125,0,1,True,0.929196834564209
230,2655.87646484375,750.3985595703125,347.02783203125,464.707275390625,1,0,False,0.9563299417495728
230,777.33349609375,746.2391357421875,294.59912109375,374.9346923828125,0,1,True,0.925940215587616
231,2653.805908203125,750.562744140625,347.53515625,464.6866455078125,1,0,False,0.9554221034049988
231,779.3340454101562,742.560546875,293.41522216796875,375.2025146484375,0,1,True,0.919689953327179
232,2652.054443359375,750.934814453125,347.19287109375,465.092529296875,1,0,False,0.9546900391578674
232,780.7528686523438,740.2119140625,292.56878662109375,372.753173828125,0,1,True,0.9124266505241394
233,2650.2177734375,751.1393432617188,347.13330078125,465.90142822265625,1,0,False,0.9548729062080383
233,782.1571044921875,737.2733764648438,291.5208740234375,370.45489501953125,0,1,True,0.9047897458076477
234,2648.258544921875,751.865478515625,346.65625,466.248779296875,1,0,False,0.9543089270591736
234,781.6348266601562,732.5008544921875,290.22418212890625,368.783203125,0,1,True,0.9010436534881592
235,2647.016357421875,752.6276245117188,346.11083984375,466.95379638671875,1,0,False,0.9530553221702576
235,777.5256958007812,722.5643920898438,291.79046630859375,376.39801025390625,0,1,True,0.9093302488327026
236,2645.419677734375,754.1508178710938,345.40576171875,465.93865966796875,1,0,False,0.9527412056922913
236,773.3688354492188,711.2174072265625,292.40948486328125,386.397705078125,0,1,True,0.9192742109298706
237,2643.556396484375,754.8433837890625,344.5654296875,464.9063720703125,1,0,False,0.9526481628417969
237,769.7346801757812,700.6023559570312,292.44110107421875,392.02703857421875,0,1,True,0.9343257546424866
238,2641.340576171875,755.7503662109375,344.7626953125,463.6866455078125,1,0,False,0.9520706534385681
238,767.2256469726562,694.3604125976562,288.62811279296875,387.87982177734375,0,1,True,0.934784471988678
239,2638.988037109375,756.362548828125,345.37060546875,462.741455078125,1,0,False,0.9510511755943298
239,764.02880859375,690.2274169921875,285.424072265625,382.1414794921875,0,1,True,0.9350991249084473
240,2636.942626953125,756.8436889648438,345.43603515625,462.08673095703125,1,0,False,0.9501363635063171
240,760.5772705078125,686.7462768554688,285.2301025390625,376.37225341796875,0,1,True,0.9297137260437012
241,2635.307373046875,756.8060913085938,345.1904296875,462.00079345703125,1,0,False,0.9494709372520447
241,757.4400024414062,684.166015625,285.24200439453125,369.814453125,0,1,True,0.9285467863082886
242,2633.617919921875,753.8856201171875,346.12353515625,464.4124755859375,1,0,False,0.9487555027008057
242,755.454345703125,679.2251586914062,283.9527587890625,367.16912841796875,0,1,True,0.9254171848297119
243,2632.979248046875,753.0550537109375,346.27294921875,464.986083984375,1,0,False,0.9488404989242554
243,755.5736694335938,676.0686645507812,280.61358642578125,363.76300048828125,0,1,True,0.921760618686676
244,2632.978271484375,754.007080078125,345.85693359375,464.1793212890625,1,0,False,0.9511444568634033
244,757.3993530273438,674.159912109375,277.28045654296875,359.220458984375,0,1,True,0.9214918613433838
245,2633.649169921875,754.9864501953125,345.2138671875,463.3770751953125,1,0,False,0.9519517421722412
245,760.8778686523438,670.02294921875,276.27288818359375,357.76220703125,0,1,True,0.9296184182167053
246,2634.76025390625,755.6536254882812,344.62060546875,462.73809814453125,1,0,False,0.9519174695014954
246,765.426025390625,664.7362060546875,275.744140625,357.595703125,0,1,True,0.9352483153343201
247,2635.7138671875,755.4345703125,344.11572265625,462.4244384765625,1,0,False,0.9507462382316589
247,770.634033203125,661.920654296875,274.594482421875,356.083984375,0,1,True,0.9328057169914246
248,2636.247802734375,757.1905517578125,343.55126953125,460.1260986328125,1,0,False,0.9497997760772705
248,775.1218872070312,661.22216796875,272.91912841796875,354.19189453125,0,1,True,0.9308066964149475
249,2636.278564453125,757.024658203125,343.1552734375,459.583740234375,1,0,False,0.9500358700752258
249,779.2559814453125,661.466064453125,272.9024658203125,352.287841796875,0,1,True,0.9249168038368225
250,2635.10302734375,756.7384033203125,343.2470703125,459.1494140625,1,0,False,0.949493408203125
250,783.6146240234375,661.25732421875,271.2408447265625,351.064697265625,0,1,True,0.918171226978302
251,2633.494873046875,756.6253662109375,343.0263671875,458.831787109375,1,0,False,0.9477463364601135
251,788.1112060546875,660.5443115234375,270.858642578125,350.7327880859375,0,1,True,0.91010981798172
252,2631.771484375,754.12158203125,343.87060546875,461.667236328125,1,0,False,0.9483325481414795
252,793.4830322265625,660.567138671875,268.5914306640625,349.7642822265625,0,1,True,0.9054661989212036
253,2630.531494140625,753.9447631835938,343.93798828125,461.96588134765625,1,0,False,0.9497110843658447
253,799.536865234375,660.5194091796875,265.745361328125,346.7222900390625,0,1,True,0.9001975059509277
254,2629.381591796875,754.7063598632812,343.50439453125,462.00653076171875,1,0,False,0.9522171020507812
254,803.3534545898438,659.253662109375,263.79095458984375,344.7606201171875,0,1,True,0.8972163796424866
255,2628.876953125,755.782958984375,343.0205078125,461.825927734375,1,0,False,0.9538081288337708
255,806.22216796875,658.2239379882812,262.319091796875,343.02734375,0,1,True,0.8898552656173706
256,2628.65966796875,756.9159545898438,342.62744140625,461.43878173828125,1,0,False,0.9548125863075256
256,808.4822998046875,657.4142456054688,261.373046875,341.005615234375,0,1,True,0.8840373754501343
257,2628.709228515625,757.2456665039062,342.59228515625,461.35662841796875,1,0,False,0.9545345902442932
257,810.4451904296875,659.2926635742188,259.8055419921875,338.148681640625,0,1,True,0.8827130794525146
258,2628.90283203125,757.3530883789062,342.626953125,461.28094482421875,1,0,False,0.9546226263046265
258,813.3147583007812,659.612060546875,258.47296142578125,338.000244140625,0,1,True,0.8841238617897034
259,2629.1162109375,756.9742431640625,342.689453125,461.42822265625,1,0,False,0.9540983438491821
259,816.4039306640625,658.51025390625,257.9974365234375,339.065673828125,0,1,True,0.8834817409515381
260,2629.427978515625,756.72412109375,342.85205078125,461.2669677734375,1,0,False,0.9540291428565979
260,819.36474609375,656.3666381835938,256.5126953125,338.078125,0,1,True,0.8848664164543152
261,2629.676513671875,756.6199951171875,342.92431640625,461.348876953125,1,0,False,0.9542680978775024
261,821.3172607421875,654.5004272460938,255.6461181640625,335.9832763671875,0,1,True,0.8857648968696594
262,2629.978515625,756.843994140625,342.86279296875,461.0433349609375,1,0,False,0.954466700553894
262,822.3209228515625,652.5195922851562,254.486083984375,333.1944580078125,0,1,True,0.8855636715888977
263,2630.308349609375,757.2493286132812,342.7451171875,460.72674560546875,1,0,False,0.9551886320114136
263,821.9349365234375,652.180419921875,253.492919921875,331.21337890625,0,1,True,0.8848400115966797
264,2630.651611328125,757.9417724609375,342.70361328125,460.2833251953125,1,0,False,0.9557193517684937
264,819.78564453125,651.528076171875,254.4776611328125,330.8402099609375,0,1,True,0.8893182277679443
265,2631.08984375,758.4786376953125,342.7939453125,460.3375244140625,1,0,False,0.9564592838287354
265,815.9437866210938,652.2613525390625,256.00103759765625,329.09765625,0,1,True,0.8948594927787781
266,2631.517822265625,758.4342041015625,343.00390625,460.686767578125,1,0,False,0.9558426737785339
266,811.895263671875,652.6268310546875,257.614501953125,328.3468017578125,0,1,True,0.9025852084159851
267,2632.0927734375,758.44775390625,343.09765625,461.1240234375,1,0,False,0.956559956073761
267,807.133544921875,653.8604736328125,259.5533447265625,329.7388916015625,0,1,True,0.9052960276603699
268,2632.732421875,758.5601196289062,343.037109375,461.10736083984375,1,0,False,0.9559615850448608
268,802.9404296875,654.3528442382812,260.8865966796875,329.3983154296875,0,1,True,0.9051764607429504
269,2633.3447265625,758.5848388671875,343.27490234375,461.059814453125,1,0,False,0.9561648964881897
269,800.234130859375,654.7103881835938,260.9964599609375,328.9609375,0,1,True,0.9042490124702454
270,2633.933349609375,758.6981811523438,343.5556640625,460.79168701171875,1,0,False,0.9556918144226074
270,798.0726928710938,654.0140380859375,261.20098876953125,329.032958984375,0,1,True,0.9039579629898071
271,2634.748291015625,758.94287109375,343.6103515625,460.5155029296875,1,0,False,0.9554314613342285
271,796.3502807617188,654.3850708007812,262.00982666015625,328.6422119140625,0,1,True,0.9043141603469849
272,2635.567138671875,759.212158203125,343.8095703125,460.3050537109375,1,0,False,0.9555837512016296
272,795.211669921875,656.6974487304688,262.3153076171875,327.7447509765625,0,1,True,0.9040149450302124
273,2636.526123046875,759.341064453125,343.8193359375,460.4708251953125,1,0,False,0.9553961157798767
273,792.8634643554688,656.9152221679688,263.91217041015625,328.9659423828125,0,1,True,0.9007704854011536
274,2637.75439453125,759.40576171875,343.58154296875,460.9615478515625,1,0,False,0.9553905725479126
274,791.9258422851562,657.3386840820312,264.42034912109375,329.415771484375,0,1,True,0.9008937478065491
275,2639.160400390625,759.1368408203125,343.36572265625,461.33984375,1,0,False,0.9544233679771423
275,789.70849609375,657.0509033203125,267.3123779296875,332.9278564453125,0,1,True,0.9020102024078369
276,2641.114990234375,758.6661987304688,342.78564453125,461.52215576171875,1,0,False,0.9527859091758728
276,787.9261474609375,657.0890502929688,269.978271484375,336.531494140625,0,1,True,0.9031979441642761
277,2642.404541015625,757.8883056640625,342.76513671875,462.0196533203125,1,0,False,0.9520255923271179
277,785.4114379882812,658.3595581054688,273.05413818359375,342.2850341796875,0,1,True,0.910236656665802
278,2643.6015625,757.16552734375,342.427734375,462.683837890625,1,0,False,0.9518061280250549
278,783.6829833984375,661.7088623046875,275.2611083984375,347.337646484375,0,1,True,0.9166213870048523
279,2644.677978515625,758.3367309570312,342.22802734375,462.37652587890625,1,0,False,0.9514327049255371
279,781.57373046875,666.1432495117188,276.867431640625,349.14404296875,0,1,True,0.9257215261459351
280,2645.6171875,758.6574096679688,342.18701171875,462.44671630859375,1,0,False,0.9513658285140991
280,778.99658203125,669.3690185546875,277.8343505859375,349.5064697265625,0,1,True,0.930171549320221
281,2646.58154296875,758.6712036132812,342.35302734375,462.62054443359375,1,0,False,0.9519950151443481
281,777.16259765625,672.3204345703125,277.434326171875,350.225341796875,0,1,True,0.9331758618354797
282,2647.35205078125,758.52783203125,342.5576171875,463.0986328125,1,0,False,0.9521781802177429
282,773.5015869140625,674.4188232421875,278.3153076171875,353.0086669921875,0,1,True,0.9318480491638184
283,2648.046875,758.2918701171875,342.9287109375,463.5321044921875,1,0,False,0.9523196220397949
283,768.2486572265625,678.903076171875,280.5321044921875,356.396484375,0,1,True,0.9346003532409668
284,2648.75537109375,758.205078125,343.04638671875,464.0289306640625,1,0,False,0.9518682360649109
284,758.9993896484375,684.986572265625,286.2200927734375,358.028564453125,0,1,True,0.9301974177360535
285,2648.761962890625,757.9639892578125,344.015625,464.0811767578125,1,0,False,0.9514710903167725
285,751.6793212890625,689.6885986328125,288.54736328125,360.041259765625,0,1,True,0.9252999424934387
286,2649.2939453125,757.9395751953125,344.49365234375,464.1905517578125,1,0,False,0.9517830014228821
286,744.4727172851562,694.0498657226562,292.04168701171875,363.57647705078125,0,1,True,0.9149371981620789
287,2650.297119140625,758.2828369140625,344.1845703125,463.7366943359375,1,0,False,0.953152060508728
287,739.541015625,697.960205078125,292.852294921875,367.3079833984375,0,1,True,0.9111317992210388
288,2651.2861328125,758.708251953125,344.00390625,463.3701171875,1,0,False,0.9535181522369385
288,735.6934204101562,700.9046020507812,295.62579345703125,370.59539794921875,0,1,True,0.9098061919212341
289,2652.129150390625,759.1008911132812,343.763671875,462.82366943359375,1,0,False,0.9544515609741211
289,732.9547119140625,702.4407958984375,298.003662109375,373.0732421875,0,1,True,0.9168341755867004
290,2652.824951171875,759.445068359375,343.6220703125,462.3302001953125,1,0,False,0.954555869102478
290,732.7048950195312,705.2935791015625,300.33160400390625,374.3583984375,0,1,True,0.9244864583015442
291,2653.243896484375,759.7841796875,343.7333984375,461.872802734375,1,0,False,0.9547005295753479
291,733.667236328125,709.2786254882812,301.445556640625,375.46868896484375,0,1,True,0.9305840730667114
292,2653.470458984375,760.00732421875,344.12841796875,461.5765380859375,1,0,False,0.9549585580825806
292,736.31201171875,713.0116577148438,300.56640625,376.84320068359375,0,1,True,0.9346768856048584
293,2653.68115234375,760.0639038085938,344.39111328125,461.47784423828125,1,0,False,0.954955518245697
293,739.1583251953125,714.5526733398438,302.407470703125,378.82110595703125,0,1,True,0.9367775321006775
294,2653.992431640625,760.3277587890625,344.48291015625,461.1556396484375,1,0,False,0.9552810788154602
294,742.8128662109375,716.5166015625,302.0574951171875,379.277587890625,0,1,True,0.9352931976318359
295,2654.296142578125,760.44873046875,344.4072265625,460.905029296875,1,0,False,0.9550143480300903
295,746.2305297851562,718.6087646484375,301.53070068359375,379.128173828125,0,1,True,0.9325615167617798
296,2654.681884765625,760.6498413085938,344.34326171875,460.70416259765625,1,0,False,0.9554032683372498
296,750.2412109375,721.3460693359375,298.60693359375,377.51220703125,0,1,True,0.9250898361206055
297,2654.906005859375,760.7909545898438,344.32373046875,460.48553466796875,1,0,False,0.9554435610771179
297,753.3804321289062,725.268310546875,297.44500732421875,374.749755859375,0,1,True,0.924839437007904
298,2655.105224609375,760.906982421875,344.27783203125,460.3238525390625,1,0,False,0.9553993940353394
298,756.6094360351562,727.2899780273438,296.58538818359375,375.03912353515625,0,1,True,0.9253153204917908
299,2655.330322265625,761.0584716796875,344.19873046875,460.2320556640625,1,0,False,0.955549418926239
299,759.5383911132812,728.6463623046875,295.94366455078125,375.527587890625,0,1,True,0.9245228171348572
300,2655.577880859375,761.2601928710938,344.16748046875,460.23773193359375,1,0,False,0.9556931257247925
300,762.55517578125,730.5823974609375,296.1295166015625,376.640380859375,0,1,True,0.9255135655403137
301,2655.7880859375,761.530029296875,344.0703125,460.20947265625,1,0,False,0.9558174014091492
301,765.8226318359375,732.3189697265625,295.4788818359375,376.4940185546875,0,1,True,0.9232392311096191
302,2655.998291015625,762.0697021484375,343.892578125,459.81103515625,1,0,False,0.9558494091033936
302,768.2537231445312,732.5297241210938,295.98309326171875,376.25506591796875,0,1,True,0.9198513031005859
303,2656.14453125,762.516845703125,343.66455078125,459.3365478515625,1,0,False,0.9554949402809143
303,769.9600830078125,732.3426513671875,296.3089599609375,375.45068359375,0,1,True,0.9153911471366882
304,2656.321044921875,762.968994140625,343.4580078125,458.850830078125,1,0,False,0.9552884101867676
304,771.08984375,731.7357177734375,296.55126953125,375.6053466796875,0,1,True,0.9147534370422363
305,2656.290283203125,763.1376953125,343.27783203125,458.591552734375,1,0,False,0.9551239609718323
305,772.20703125,730.7225952148438,296.4503173828125,376.35931396484375,0,1,True,0.9146380424499512
306,2656.1845703125,763.3328857421875,343.232421875,458.3326416015625,1,0,False,0.9553289413452148
306,773.2999877929688,729.8108520507812,296.04827880859375,377.73980712890625,0,1,True,0.9153950810432434
307,2656.08935546875,763.4295654296875,343.16015625,458.1285400390625,1,0,False,0.9552263617515564
307,773.79443359375,729.466796875,295.684814453125,378.5496826171875,0,1,True,0.9168993830680847
308,2656.00927734375,763.5643920898438,342.99609375,458.00494384765625,1,0,False,0.955313503742218
308,773.97314453125,728.8878784179688,296.101318359375,378.71221923828125,0,1,True,0.9156903028488159
309,2655.751953125,763.5973510742188,342.87109375,458.00579833984375,1,0,False,0.9552991390228271
309,773.4308471679688,727.6091918945312,295.92755126953125,379.27191162109375,0,1,True,0.9153803586959839
310,2655.5048828125,763.595947265625,342.70703125,458.025634765625,1,0,False,0.9550104141235352
310,773.1719970703125,726.9713745117188,295.975341796875,379.22186279296875,0,1,True,0.9146643280982971
311,2655.154296875,763.539306640625,342.5166015625,458.106201171875,1,0,False,0.9548003077507019
311,773.5421142578125,726.5091552734375,295.978759765625,379.257568359375,0,1,True,0.9156819581985474
312,2654.862548828125,763.5843505859375,342.27734375,458.1263427734375,1,0,False,0.9547147750854492
312,773.67333984375,727.1712036132812,295.8143310546875,378.47320556640625,0,1,True,0.9167556762695312
313,2654.509521484375,763.4249267578125,342.19873046875,458.205078125,1,0,False,0.9545775651931763
313,773.5502319335938,728.8873291015625,295.40252685546875,376.9715576171875,0,1,True,0.9163734316825867
314,2654.05615234375,763.1264038085938,342.16845703125,458.56207275390625,1,0,False,0.9540510177612305
314,774.54931640625,730.4058227539062,295.34326171875,375.42779541015625,0,1,True,0.9170533418655396
315,2653.826171875,762.9506225585938,342.0361328125,458.77423095703125,1,0,False,0.9539749622344971
315,775.17578125,731.1991577148438,295.3067626953125,375.11651611328125,0,1,True,0.917914867401123
316,2653.5927734375,762.802978515625,341.8466796875,458.9979248046875,1,0,False,0.9536736011505127
316,775.9483642578125,731.4581298828125,295.7401123046875,374.887939453125,0,1,True,0.9164385795593262
317,2653.4521484375,762.8717651367188,341.7734375,458.94793701171875,1,0,False,0.9536230564117432
317,776.5980224609375,730.9271850585938,296.616455078125,375.38751220703125,0,1,True,0.9145636558532715
318,2653.363525390625,762.9813232421875,341.8193359375,458.905517578125,1,0,False,0.9537940621376038
318,777.0010986328125,730.4417724609375,296.720947265625,375.5167236328125,0,1,True,0.9136197566986084
319,2653.2998046875,763.0301513671875,341.8232421875,458.8751220703125,1,0,False,0.9537944793701172
319,777.5799560546875,730.2869873046875,296.295166015625,375.460693359375,0,1,True,0.913465678691864
320,2653.21435546875,763.07958984375,341.78564453125,458.84326171875,1,0,False,0.953726053237915
320,777.9771728515625,730.86181640625,295.8055419921875,374.56298828125,0,1,True,0.9131843447685242
321,2652.994140625,763.3814086914062,342.05712890625,458.92205810546875,1,0,False,0.9532151818275452
321,777.9542236328125,732.1392211914062,295.0015869140625,373.50262451171875,0,1,True,0.9157611131668091
322,2652.719482421875,763.7623291015625,342.29638671875,459.1986083984375,1,0,False,0.9526728391647339
322,777.6853637695312,733.5023193359375,294.21832275390625,372.3223876953125,0,1,True,0.9163963794708252
323,2652.873779296875,765.3663940429688,342.26123046875,459.14105224609375,1,0,False,0.9526693820953369
323,777.3861694335938,734.7301025390625,293.90484619140625,371.574951171875,0,1,True,0.9168356657028198
324,2653.434326171875,771.252685546875,340.46337890625,458.3648681640625,1,0,False,0.9587423205375671
324,777.2273559570312,735.6919555664062,293.92449951171875,371.24359130859375,0,1,True,0.9161765575408936
325,2654.492431640625,780.304931640625,340.07568359375,458.3404541015625,1,0,False,0.9662280082702637
325,777.3931884765625,736.0320434570312,293.6412353515625,372.00555419921875,0,1,True,0.9169699549674988
326,2656.224365234375,792.8076171875,339.986328125,455.14892578125,1,0,False,0.964329183101654
326,777.302490234375,736.5523071289062,293.25927734375,372.29364013671875,0,1,True,0.9180931448936462
327,2657.72412109375,813.75048828125,340.6630859375,448.11474609375,1,0,False,0.958560585975647
327,777.1677856445312,736.7509155273438,292.91717529296875,372.99468994140625,0,1,True,0.9207469820976257
328,2657.333251953125,834.4909057617188,342.7802734375,448.75616455078125,1,0,False,0.953784704208374
328,777.3276977539062,737.3733520507812,292.85052490234375,373.15789794921875,0,1,True,0.9199949502944946
329,2658.300537109375,854.4376220703125,344.05712890625,448.0400390625,1,0,False,0.9515896439552307
329,777.6464233398438,737.7960815429688,292.83282470703125,374.00177001953125,0,1,True,0.9207816123962402
330,2659.427001953125,868.8812866210938,343.9638671875,445.72821044921875,1,0,False,0.9404100179672241
330,777.8803100585938,737.946044921875,293.06439208984375,374.7713623046875,0,1,True,0.9207667708396912
331,2659.30029296875,873.3228149414062,345.02978515625,446.42498779296875,1,0,False,0.9375061392784119
331,778.2948608398438,738.177734375,292.92694091796875,376.0404052734375,0,1,True,0.9229544997215271
332,2659.298095703125,867.2998046875,346.05908203125,450.93798828125,1,0,False,0.9475889801979065
332,778.4053955078125,738.2537231445312,292.9864501953125,377.25970458984375,0,1,True,0.924959123134613
333,2658.690185546875,851.5966796875,346.92724609375,456.060302734375,1,0,False,0.9527639150619507
333,778.3905029296875,738.3270263671875,293.1700439453125,377.4759521484375,0,1,True,0.9250034093856812
334,2660.140625,833.2484130859375,345.994140625,452.81103515625,1,0,False,0.9568611979484558
334,778.2178955078125,738.3311767578125,293.6759033203125,376.0572509765625,0,1,True,0.9232785701751709
335,2660.536865234375,807.3547973632812,345.4658203125,455.78338623046875,1,0,False,0.9556069374084473
335,778.083984375,738.5260009765625,293.45458984375,374.3900146484375,0,1,True,0.9217138290405273
336,2662.2587890625,783.9070434570312,345.9677734375,460.41864013671875,1,0,False,0.9446620941162109
336,778.0368041992188,738.66455078125,292.94256591796875,373.5682373046875,0,1,True,0.92267245054245
337,2663.943359375,762.9181518554688,345.42529296875,464.57891845703125,1,0,False,0.9475932121276855
337,777.9817504882812,738.53271484375,292.59197998046875,374.161865234375,0,1,True,0.9243209958076477
338,2666.85302734375,746.9385986328125,343.396484375,466.0,1,0,False,0.9525212645530701
338,778.3692626953125,738.02783203125,292.4920654296875,375.512451171875,0,1,True,0.9253855347633362
339,2669.9990234375,738.5275268554688,340.791015625,463.78460693359375,1,0,False,0.9557519555091858
339,778.865966796875,737.388916015625,292.3875732421875,376.1832275390625,0,1,True,0.9242580533027649
340,2672.015625,734.0885009765625,339.50244140625,462.295166015625,1,0,False,0.9561502933502197
340,779.5814208984375,737.423583984375,291.9739990234375,375.69482421875,0,1,True,0.9232285618782043
341,2673.167236328125,732.5650634765625,339.14599609375,461.6915283203125,1,0,False,0.9558289051055908
341,780.22265625,736.92578125,291.7694091796875,375.0858154296875,0,1,True,0.9216306805610657
342,2674.02392578125,733.1802368164062,338.89794921875,460.89813232421875,1,0,False,0.9554276466369629
342,780.61962890625,736.8240966796875,291.5697021484375,374.380126953125,0,1,True,0.920451819896698
343,2674.184326171875,735.3172607421875,339.1552734375,461.132568359375,1,0,False,0.9539549946784973
343,780.7919921875,737.16259765625,291.778076171875,374.6773681640625,0,1,True,0.9219516515731812
344,2674.142578125,738.1968383789062,340.0146484375,462.25555419921875,1,0,False,0.9513145685195923
344,780.9164428710938,737.8027954101562,292.10479736328125,374.68011474609375,0,1,True,0.9221488237380981
345,2673.81640625,741.1658935546875,340.9228515625,462.6165771484375,1,0,False,0.9489666223526001
345,780.9429931640625,738.7965087890625,292.4547119140625,374.3988037109375,0,1,True,0.9208688735961914
346,2673.76416015625,743.8833618164062,341.6083984375,462.58514404296875,1,0,False,0.9484097957611084
346,781.4661865234375,739.5001831054688,292.1727294921875,374.57550048828125,0,1,True,0.9221498370170593
347,2674.09130859375,745.4132080078125,341.64990234375,462.1217041015625,1,0,False,0.948268711566925
347,781.5662231445312,739.989013671875,292.85992431640625,375.1583251953125,0,1,True,0.922943651676178
348,2674.671630859375,746.4675903320312,341.44677734375,461.43743896484375,1,0,False,0.9479148983955383
348,781.6718139648438,740.9774169921875,292.40521240234375,375.732666015625,0,1,True,0.9265413880348206
349,2675.284423828125,746.7091674804688,341.00390625,460.74786376953125,1,0,False,0.9481462240219116
349,781.8492431640625,742.0421752929688,292.85400390625,377.73577880859375,0,1,True,0.929063081741333
350,2675.75634765625,746.6982421875,340.67724609375,460.1759033203125,1,0,False,0.9482685327529907
350,782.1343994140625,742.3812255859375,293.5462646484375,379.5274658203125,0,1,True,0.9290809631347656
351,2676.212890625,746.5574951171875,340.32470703125,459.5865478515625,1,0,False,0.9483149647712708
351,782.4746704101562,742.2073364257812,294.07855224609375,380.72357177734375,0,1,True,0.9272494912147522
352,2676.606689453125,746.2922973632812,340.11962890625,459.26092529296875,1,0,False,0.9480747580528259
352,782.7256469726562,742.0975341796875,294.14935302734375,380.909423828125,0,1,True,0.9265666604042053
353,2676.739013671875,746.1881103515625,339.75390625,458.925048828125,1,0,False,0.9488235712051392
353,782.947265625,741.97802734375,294.2337646484375,380.6182861328125,0,1,True,0.9258578419685364
354,2676.74755859375,746.268310546875,339.205078125,458.319580078125,1,0,False,0.9496594667434692
354,783.0728759765625,741.5972900390625,294.31005859375,379.6690673828125,0,1,True,0.9241642951965332
355,2676.6201171875,746.1318359375,338.67138671875,457.931884765625,1,0,False,0.9505553245544434
355,783.18115234375,741.12109375,293.5938720703125,379.4891357421875,0,1,True,0.9266214966773987
356,2676.41064453125,745.9879760742188,338.2060546875,457.54791259765625,1,0,False,0.9516862630844116
356,782.8595581054688,740.6639404296875,293.38946533203125,380.03515625,0,1,True,0.9278290271759033
357,2676.064697265625,745.6254272460938,338.13427734375,457.79730224609375,1,0,False,0.9521931409835815
357,782.4766235351562,740.4044189453125,293.14324951171875,380.588623046875,0,1,True,0.9289008975028992
358,2675.64453125,745.3364868164062,338.05908203125,457.82086181640625,1,0,False,0.9525386691093445
358,781.4638061523438,741.0757446289062,292.83282470703125,378.49725341796875,0,1,True,0.9293177127838135
359,2675.249267578125,744.9451293945312,337.8896484375,457.98724365234375,1,0,False,0.95316082239151
359,780.0333251953125,742.6969604492188,293.4639892578125,375.99517822265625,0,1,True,0.9308305978775024
360,2674.917724609375,744.4561767578125,337.833984375,458.3685302734375,1,0,False,0.9536064863204956
360,778.8156127929688,744.06640625,294.37457275390625,374.8651123046875,0,1,True,0.9327768087387085
361,2674.601806640625,744.3385620117188,337.76171875,458.49505615234375,1,0,False,0.9540618062019348
361,777.8214111328125,744.804443359375,294.8353271484375,375.0880126953125,0,1,True,0.9365239143371582
362,2674.18994140625,744.4044189453125,337.7724609375,458.545166015625,1,0,False,0.9541821479797363
362,776.893798828125,745.8934936523438,295.17529296875,375.17633056640625,0,1,True,0.9381320476531982
363,2673.84814453125,744.4254150390625,337.72509765625,458.6739501953125,1,0,False,0.9541277289390564
363,775.3364868164062,746.6727905273438,296.48004150390625,373.49530029296875,0,1,True,0.9355148077011108
364,2673.47314453125,744.4929809570312,337.70849609375,458.68475341796875,1,0,False,0.9540534019470215
364,773.8654174804688,747.661376953125,297.43463134765625,371.17822265625,0,1,True,0.9345723390579224
365,2673.072021484375,744.4929809570312,337.78173828125,459.07501220703125,1,0,False,0.9540919661521912
365,772.2919311523438,747.7911376953125,297.93572998046875,370.5833740234375,0,1,True,0.9345958828926086
366,2672.674560546875,744.5382080078125,337.9072265625,459.1063232421875,1,0,False,0.9540556073188782
366,770.633544921875,748.7332153320312,298.558349609375,369.46917724609375,0,1,True,0.9352587461471558
367,2672.2744140625,744.5980224609375,338.04345703125,459.029052734375,1,0,False,0.9538601040840149
367,767.875244140625,750.1386108398438,300.3533935546875,368.09283447265625,0,1,True,0.9339686036109924
368,2671.9111328125,744.6151733398438,338.16015625,459.04290771484375,1,0,False,0.9536296725273132
368,764.5338745117188,752.40966796875,301.71807861328125,366.0870361328125,0,1,True,0.9312824010848999
369,2671.605224609375,744.6469116210938,338.22021484375,459.14544677734375,1,0,False,0.9538918733596802
369,761.5869140625,753.9222412109375,302.259033203125,365.4283447265625,0,1,True,0.9317278861999512
370,2671.229736328125,744.67041015625,338.34716796875,459.0667724609375,1,0,False,0.9541460871696472
370,759.6656494140625,755.488525390625,302.3468017578125,364.81640625,0,1,True,0.9316098093986511
371,2670.873291015625,744.588623046875,338.455078125,459.0819091796875,1,0,False,0.9544450640678406
371,758.4256591796875,756.2763671875,302.941650390625,364.8704833984375,0,1,True,0.9309206604957581
372,2670.480224609375,744.4589233398438,338.52099609375,459.20001220703125,1,0,False,0.9542351961135864
372,757.86669921875,757.09326171875,303.6822509765625,364.9505615234375,0,1,True,0.9296819567680359
373,2670.1357421875,744.242919921875,338.5224609375,459.1951904296875,1,0,False,0.9543269276618958
373,758.474609375,758.2124633789062,304.795654296875,363.68865966796875,0,1,True,0.9291728734970093
374,2669.72216796875,744.18212890625,338.61865234375,459.172607421875,1,0,False,0.9546792507171631
374,763.291015625,757.6257934570312,302.072021484375,363.89300537109375,0,1,True,0.931414008140564
375,2669.28173828125,744.08251953125,338.85107421875,459.3048095703125,1,0,False,0.9547189474105835
375,768.7408447265625,757.271484375,300.350341796875,364.686279296875,0,1,True,0.9303438067436218
376,2668.810302734375,743.8836669921875,339.08056640625,459.4501953125,1,0,False,0.9549320340156555
376,774.2521362304688,756.9345703125,298.62420654296875,365.858642578125,0,1,True,0.9253270626068115
377,2668.43994140625,743.6303100585938,339.306640625,459.69183349609375,1,0,False,0.9552011489868164
377,780.6090087890625,756.9847412109375,295.5853271484375,368.1011962890625,0,1,True,0.9235198497772217
378,2668.0693359375,743.4932861328125,339.59130859375,459.986083984375,1,0,False,0.9555483460426331
378,785.9179077148438,756.149658203125,294.31573486328125,371.5128173828125,0,1,True,0.9165628552436829
379,2667.7802734375,743.405517578125,339.7919921875,460.070068359375,1,0,False,0.9561047554016113
379,790.82568359375,756.5916137695312,292.20751953125,374.17694091796875,0,1,True,0.9078915119171143
380,2667.49658203125,743.3416137695312,339.935546875,460.06573486328125,1,0,False,0.9554964303970337
380,794.049072265625,756.9778442382812,290.7752685546875,375.54901123046875,0,1,True,0.906998336315155
381,2667.415771484375,743.3030395507812,339.65283203125,460.08795166015625,1,0,False,0.9560238122940063
381,797.5338134765625,758.3858642578125,287.958251953125,375.2061767578125,0,1,True,0.908801257610321
382,2667.32763671875,743.1864013671875,339.41650390625,460.173828125,1,0,False,0.9559367299079895
382,798.7426147460938,759.4776000976562,287.03265380859375,374.61798095703125,0,1,True,0.9092923998832703
383,2666.7763671875,743.2431030273438,339.58740234375,460.11431884765625,1,0,False,0.9557567238807678
383,797.628173828125,759.587646484375,287.751708984375,374.188232421875,0,1,True,0.9093634486198425
384,2665.96875,743.37744140625,339.97119140625,459.92041015625,1,0,False,0.9553458094596863
384,795.4853515625,759.1905517578125,289.026123046875,373.9345703125,0,1,True,0.9072008728981018
385,2664.906005859375,743.6060791015625,340.52880859375,459.629638671875,1,0,False,0.9554890394210815
385,793.2123413085938,759.083984375,291.09722900390625,374.275634765625,0,1,True,0.9073376655578613
386,2664.09033203125,743.7825927734375,340.9619140625,459.50048828125,1,0,False,0.9554834961891174
386,791.2095947265625,758.886474609375,292.17041015625,373.929443359375,0,1,True,0.9096627831459045
387,2663.11474609375,743.9144287109375,341.3154296875,459.3643798828125,1,0,False,0.9552048444747925
387,789.2628784179688,758.856689453125,292.80596923828125,373.1488037109375,0,1,True,0.9125956296920776
388,2662.39697265625,743.7255859375,341.76025390625,459.9605712890625,1,0,False,0.9546244144439697
388,787.198974609375,758.5901489257812,293.26708984375,372.43499755859375,0,1,True,0.9170136451721191
389,2661.454345703125,743.697021484375,342.1494140625,460.2894287109375,1,0,False,0.9541701674461365
389,785.4044799804688,759.8261108398438,293.67388916015625,370.28936767578125,0,1,True,0.9183334708213806
390,2660.508056640625,743.7770385742188,342.44775390625,460.54583740234375,1,0,False,0.953765869140625
390,783.2167358398438,760.5504760742188,294.81011962890625,369.28558349609375,0,1,True,0.9176591634750366
391,2659.630615234375,744.0113525390625,342.62158203125,460.68115234375,1,0,False,0.9537994861602783
391,780.0701904296875,761.486083984375,296.042236328125,368.399169921875,0,1,True,0.921963632106781
392,2658.75830078125,744.2445068359375,343.0029296875,460.7874755859375,1,0,False,0.9536488652229309
392,776.7152709960938,761.8826904296875,297.56719970703125,368.0440673828125,0,1,True,0.9233884215354919
393,2657.9443359375,744.5257568359375,343.44189453125,460.9591064453125,1,0,False,0.953605592250824
393,774.66064453125,762.6802978515625,298.3485107421875,368.5546875,0,1,True,0.9240360260009766
394,2656.9287109375,744.7699584960938,344.07373046875,461.28692626953125,1,0,False,0.9535960555076599
394,773.33837890625,763.2943115234375,298.9765625,370.1103515625,0,1,True,0.9242902398109436
395,2655.84033203125,745.0181884765625,344.70458984375,461.5615234375,1,0,False,0.9537064433097839
395,772.9243774414062,763.0621337890625,299.28680419921875,371.1983642578125,0,1,True,0.9244429469108582
396,2654.851806640625,745.4055786132812,345.15625,461.58380126953125,1,0,False,0.9539180397987366
396,772.86279296875,762.1206665039062,299.092041015625,373.55950927734375,0,1,True,0.9255295991897583
397,2654.146240234375,745.467529296875,345.5,461.8255615234375,1,0,False,0.9539754390716553
397,773.6430053710938,761.4244995117188,298.64947509765625,373.83428955078125,0,1,True,0.9222175478935242
398,2653.65234375,745.4807739257812,345.6552734375,462.13189697265625,1,0,False,0.953944742679596
398,774.6576538085938,759.5818481445312,297.79644775390625,375.63446044921875,0,1,True,0.9209048748016357
399,2653.082275390625,745.485595703125,345.87109375,462.3538818359375,1,0,False,0.9543406367301941
399,774.9268798828125,758.8706665039062,297.0968017578125,376.78143310546875,0,1,True,0.9200978875160217
400,2652.56201171875,745.49658203125,346.19287109375,462.5357666015625,1,0,False,0.95430988073349
400,775.2971801757812,758.9473266601562,296.26434326171875,377.59759521484375,0,1,True,0.91801518201828
401,2652.15185546875,745.589599609375,346.33251953125,462.683349609375,1,0,False,0.9542506337165833
401,775.1211547851562,759.4117431640625,295.69012451171875,376.8529052734375,0,1,True,0.9205155968666077
402,2651.7275390625,745.759033203125,346.53759765625,462.6390380859375,1,0,False,0.9545977711677551
402,774.4368896484375,760.3760986328125,295.372314453125,375.6063232421875,0,1,True,0.9192991852760315
403,2651.3984375,745.8900146484375,346.4365234375,462.6357421875,1,0,False,0.9547167420387268
403,774.02099609375,760.3994140625,294.708984375,374.02099609375,0,1,True,0.9210216403007507
404,2650.994384765625,746.0537719726562,346.365234375,462.52679443359375,1,0,False,0.9547166228294373
404,773.74755859375,759.6400756835938,294.0869140625,373.05743408203125,0,1,True,0.9219099283218384
405,2650.79150390625,745.8167724609375,346.45166015625,462.8287353515625,1,0,False,0.9549262523651123
405,773.4401245117188,758.5531616210938,293.75982666015625,372.35028076171875,0,1,True,0.9239399433135986
406,2650.634765625,745.615234375,346.6279296875,463.0843505859375,1,0,False,0.9549697637557983
406,773.2731323242188,758.4326782226562,293.69000244140625,371.24774169921875,0,1,True,0.9261617660522461
407,2650.47802734375,745.2569580078125,347.001953125,463.443359375,1,0,False,0.9548818469047546
407,773.19873046875,758.0711059570312,293.302734375,370.84393310546875,0,1,True,0.9289845824241638
408,2650.398681640625,745.0860595703125,347.12744140625,463.6802978515625,1,0,False,0.9549647569656372
408,772.906005859375,756.630126953125,294.1990966796875,372.09326171875,0,1,True,0.9309291243553162
409,2650.473876953125,744.521484375,347.81591796875,464.10888671875,1,0,False,0.9547216296195984
409,773.0059814453125,756.4866333007812,294.7528076171875,372.18182373046875,0,1,True,0.9306252002716064
410,2650.77490234375,744.0423583984375,348.09912109375,464.80224609375,1,0,False,0.954533576965332
410,773.1739501953125,756.6207275390625,294.9052734375,371.830810546875,0,1,True,0.9302269220352173
411,2651.295654296875,743.6723022460938,348.119140625,465.04827880859375,1,0,False,0.9546318650245667
411,774.3539428710938,758.1060791015625,294.83477783203125,372.0831298828125,0,1,True,0.9201968908309937
412,2651.879638671875,743.4052734375,348.12158203125,465.7303466796875,1,0,False,0.9547117352485657
412,775.18505859375,758.5032348632812,295.0224609375,373.47515869140625,0,1,True,0.9207662343978882
413,2652.2294921875,743.1590576171875,348.38818359375,466.104736328125,1,0,False,0.9547389149665833
413,776.0765991210938,758.8519897460938,294.80352783203125,374.98797607421875,0,1,True,0.9198578000068665
414,2652.474853515625,743.1076049804688,348.6494140625,466.41827392578125,1,0,False,0.954618513584137
414,776.978515625,759.4034423828125,294.2103271484375,374.8428955078125,0,1,True,0.9199873208999634
415,2652.465087890625,743.184326171875,348.701171875,466.4703369140625,1,0,False,0.9545651078224182
415,777.7650146484375,759.5303344726562,293.5382080078125,374.18548583984375,0,1,True,0.9204113483428955
416,2652.257080078125,743.3059692382812,348.779296875,466.67095947265625,1,0,False,0.9547122716903687
416,778.755615234375,759.5315551757812,293.058349609375,374.15521240234375,0,1,True,0.9198853969573975
417,2651.771240234375,743.5075073242188,348.884765625,466.71856689453125,1,0,False,0.9551222920417786
417,779.7260131835938,759.4658203125,293.07696533203125,375.9862060546875,0,1,True,0.9195718765258789
418,2651.332763671875,743.5132446289062,348.81640625,467.28411865234375,1,0,False,0.9552286863327026
418,780.4971923828125,758.8095092773438,293.492431640625,379.14898681640625,0,1,True,0.9219946265220642
419,2650.76611328125,743.6995849609375,348.56201171875,467.0712890625,1,0,False,0.9555944204330444
419,780.9603271484375,757.887451171875,294.26123046875,382.3050537109375,0,1,True,0.9207920432090759
420,2650.072021484375,743.9436645507812,348.10595703125,467.06292724609375,1,0,False,0.9557671546936035
420,781.3975830078125,756.956787109375,295.2391357421875,385.070068359375,0,1,True,0.920471727848053
421,2649.349365234375,744.1591186523438,347.9189453125,467.10467529296875,1,0,False,0.9560964703559875
421,781.6087646484375,756.654296875,296.3023681640625,385.7850341796875,0,1,True,0.9188196063041687
422,2648.642822265625,744.2669677734375,347.69287109375,467.413818359375,1,0,False,0.9561924934387207
422,781.8007202148438,757.162841796875,296.30328369140625,384.87939453125,0,1,True,0.9179902672767639
423,2648.15625,744.4133911132812,347.5986328125,467.79083251953125,1,0,False,0.9562494158744812
423,782.350830078125,758.6636352539062,296.41162109375,382.89813232421875,0,1,True,0.9162558317184448
424,2647.895263671875,744.8353881835938,346.92333984375,468.00335693359375,1,0,False,0.9564458727836609
424,782.956787109375,761.13525390625,296.517333984375,380.173095703125,0,1,True,0.9162282347679138
425,2648.025634765625,745.411865234375,346.23681640625,467.849609375,1,0,False,0.9565532803535461
425,783.5765380859375,762.593994140625,296.7247314453125,379.7230224609375,0,1,True,0.9176574945449829
426,2648.21435546875,745.7254638671875,345.73974609375,467.8182373046875,1,0,False,0.9568438529968262
426,784.0452880859375,763.049560546875,297.30517578125,380.7596435546875,0,1,True,0.9194828867912292
427,2648.1640625,745.6443481445312,345.8310546875,468.33905029296875,1,0,False,0.9563910961151123
427,784.7046508789062,763.1284790039062,297.26385498046875,381.05194091796875,0,1,True,0.9173582196235657
428,2648.044921875,745.4891967773438,346.2109375,468.82257080078125,1,0,False,0.956126868724823
428,785.3414916992188,763.244140625,296.83319091796875,380.6636962890625,0,1,True,0.9159388542175293
429,2647.984619140625,745.40625,346.38671875,468.9384765625,1,0,False,0.9560660719871521
429,785.5046997070312,763.61083984375,296.54486083984375,379.700927734375,0,1,True,0.9164226651191711
430,2647.97412109375,745.3679809570312,346.58984375,469.05487060546875,1,0,False,0.9561001658439636
430,785.5831909179688,763.720703125,296.28851318359375,378.784912109375,0,1,True,0.9157171249389648
431,2647.965087890625,745.3926391601562,346.818359375,469.35235595703125,1,0,False,0.9560088515281677
431,785.5176391601562,763.671142578125,296.25164794921875,378.5789794921875,0,1,True,0.9154723882675171
432,2647.98095703125,745.5186767578125,346.89990234375,469.430908203125,1,0,False,0.955863893032074
432,785.2684326171875,763.6280517578125,296.44970703125,378.8157958984375,0,1,True,0.9157723784446716
433,2648.115966796875,745.4682006835938,346.98291015625,469.66680908203125,1,0,False,0.9557656645774841
433,784.5689697265625,763.1341552734375,297.021240234375,379.792236328125,0,1,True,0.9167768359184265
434,2648.343017578125,745.4790649414062,347.12255859375,470.01678466796875,1,0,False,0.9555752277374268
434,783.6885986328125,762.8851318359375,297.58740234375,380.58349609375,0,1,True,0.9184341430664062
435,2648.58251953125,745.58984375,347.14208984375,470.021484375,1,0,False,0.9556884765625
435,782.8450317382812,764.6160888671875,297.23577880859375,379.6888427734375,0,1,True,0.9201112985610962
436,2648.8642578125,745.76025390625,347.14794921875,469.982421875,1,0,False,0.9555412530899048
436,781.9388427734375,766.9302368164062,296.906982421875,378.62664794921875,0,1,True,0.9197883605957031
437,2649.07470703125,745.8353881835938,347.26953125,469.95697021484375,1,0,False,0.955433189868927
437,781.6159057617188,768.8504028320312,296.98748779296875,378.82122802734375,0,1,True,0.9216328263282776
438,2649.228759765625,745.9893188476562,347.41796875,469.97283935546875,1,0,False,0.9553784728050232
438,781.5877075195312,770.8388671875,296.76739501953125,379.7646484375,0,1,True,0.9245557188987732
439,2649.385498046875,746.1580200195312,347.45263671875,469.90447998046875,1,0,False,0.955265462398529
439,781.6293334960938,771.664794921875,296.82244873046875,379.798828125,0,1,True,0.9241844415664673
440,2649.6689453125,746.5291137695312,347.4423828125,469.80255126953125,1,0,False,0.9551348090171814
440,781.9637451171875,771.9818115234375,296.787841796875,379.3250732421875,0,1,True,0.9237034320831299
441,2649.95166015625,746.6883544921875,347.51611328125,469.888427734375,1,0,False,0.9549760818481445
441,781.9815063476562,770.9221801757812,296.64886474609375,378.51165771484375,0,1,False,0.9221190810203552
442,2650.135986328125,746.998779296875,347.5517578125,469.868408203125,1,0,False,0.954727292060852
442,782.0071411132812,769.634521484375,296.46868896484375,377.305419921875,0,1,False,0.9192302823066711
443,2650.37744140625,747.2684326171875,347.49169921875,469.78076171875,1,0,False,0.9545243382453918
443,781.9403076171875,768.0198364257812,296.5308837890625,376.59368896484375,0,1,False,0.9182696342468262
444,2650.604248046875,747.4571533203125,347.63916015625,469.80517578125,1,0,False,0.9545327425003052
444,782.1648559570312,767.4498291015625,296.28558349609375,376.058837890625,0,1,False,0.9180504679679871
445,2650.76513671875,747.5560302734375,347.72705078125,469.7618408203125,1,0,False,0.9545191526412964
445,782.2271728515625,768.4141845703125,295.8624267578125,374.5399169921875,0,1,False,0.9201724529266357
446,2650.857421875,747.6333618164062,347.82568359375,469.65374755859375,1,0,False,0.9544531106948853
446,782.00048828125,770.3045654296875,295.403564453125,373.00830078125,0,1,False,0.9215911030769348
447,2650.9609375,747.6472778320312,347.91357421875,469.64691162109375,1,0,False,0.9544863700866699
447,782.1162109375,771.40673828125,295.4476318359375,372.4654541015625,0,1,False,0.9229607582092285
448,2650.993896484375,747.5985107421875,348.48291015625,469.674072265625,1,0,False,0.954412043094635
448,782.7326049804688,772.3809814453125,295.23187255859375,372.7396240234375,0,1,False,0.9239511489868164
449,2651.027099609375,747.5579833984375,348.6572265625,469.813232421875,1,0,False,0.9543323516845703
449,783.703369140625,773.5553588867188,294.4951171875,372.32965087890625,0,1,False,0.9235767126083374
450,2651.125732421875,747.5845947265625,348.6162109375,469.869384765625,1,0,False,0.9542953372001648
450,784.7076416015625,774.816650390625,294.064697265625,371.8809814453125,0,1,False,0.9242061376571655
451,2651.209716796875,747.67041015625,348.50048828125,469.8089599609375,1,0,False,0.9543689489364624
451,785.46923828125,775.880859375,293.6671142578125,371.5013427734375,0,1,False,0.9238234162330627
452,2651.27685546875,747.7240600585938,348.4814453125,469.72772216796875,1,0,False,0.9544673562049866
452,786.233154296875,777.1831665039062,293.14599609375,371.17205810546875,0,1,False,0.9246498346328735
453,2651.35107421875,747.8062744140625,348.3779296875,469.7142333984375,1,0,False,0.9544433355331421
453,786.4296875,777.5589599609375,293.1534423828125,371.14013671875,0,1,False,0.9252027869224548
454,2651.42529296875,748.1400146484375,348.3271484375,469.45751953125,1,0,False,0.954497218132019
454,786.457275390625,777.93896484375,293.032958984375,370.7933349609375,0,1,False,0.9253031611442566
455,2651.40234375,748.3885498046875,348.35986328125,469.364501953125,1,0,False,0.9542864561080933
455,785.8110961914062,777.8892822265625,293.52801513671875,370.9583740234375,0,1,False,0.9271500706672668
456,2651.43115234375,748.7481689453125,348.353515625,469.181640625,1,0,False,0.9542827606201172
456,784.9954223632812,777.5975341796875,294.21649169921875,371.51171875,0,1,False,0.92758709192276
457,2651.528076171875,748.973876953125,348.26220703125,469.2645263671875,1,0,False,0.9542502760887146
457,784.1893920898438,777.0821533203125,294.93670654296875,372.3587646484375,0,1,False,0.9274568557739258
458,2651.68408203125,749.3292846679688,348.19287109375,469.39752197265625,1,0,False,0.9540833830833435
458,783.626953125,777.298583984375,294.7872314453125,372.697509765625,0,1,False,0.9269077777862549
459,2651.96337890625,749.8494873046875,347.81884765625,470.2899169921875,1,0,False,0.9535419940948486
459,783.1375732421875,777.416748046875,294.7965087890625,372.8251953125,0,1,False,0.926941454410553
460,2652.2431640625,750.458251953125,347.3994140625,471.86279296875,1,0,False,0.9529913663864136
460,782.5145263671875,777.10205078125,294.8782958984375,373.407958984375,0,1,False,0.9262372255325317
461,2652.7421875,751.7030029296875,347.13623046875,472.34130859375,1,0,False,0.9532069563865662
461,782.1129150390625,776.9923095703125,294.9229736328125,373.6781005859375,0,1,False,0.9260904788970947
462,2653.02392578125,755.1021728515625,347.37060546875,469.1282958984375,1,0,True,0.9522284865379333
462,781.8226928710938,776.8326416015625,295.07550048828125,374.013427734375,0,1,False,0.9260432720184326
463,2654.1123046875,758.04931640625,347.271484375,466.815185546875,1,0,True,0.9518089294433594
463,781.9478149414062,776.9635620117188,294.96844482421875,373.69720458984375,0,1,False,0.9255741238594055
464,2655.649658203125,761.3076171875,346.8720703125,465.075439453125,1,0,True,0.9518303275108337
464,782.406494140625,777.1967163085938,294.7061767578125,373.37603759765625,0,1,False,0.9257106184959412
465,2657.79345703125,765.071533203125,346.59716796875,464.3746337890625,1,0,True,0.9482987523078918
465,783.2279663085938,777.53759765625,294.93560791015625,372.960205078125,0,1,False,0.924875020980835
466,2659.881591796875,768.8060913085938,345.80126953125,465.04107666015625,1,0,True,0.9460352659225464
466,784.2181396484375,778.443115234375,294.615478515625,372.207275390625,0,1,False,0.9249826073646545
467,2662.26220703125,772.9479370117188,342.478515625,465.08001708984375,1,0,True,0.9460920095443726
467,785.2113037109375,779.2924194335938,293.7816162109375,371.47088623046875,0,1,False,0.924260139465332
468,2664.449462890625,775.5313110351562,342.96142578125,465.28790283203125,1,0,True,0.9439475536346436
468,785.819091796875,780.114013671875,293.4820556640625,370.7591552734375,0,1,False,0.9232840538024902
469,2667.3642578125,776.1530151367188,341.7236328125,462.35321044921875,1,0,True,0.9451351165771484
469,785.761474609375,780.2766723632812,293.4908447265625,370.62786865234375,0,1,False,0.9228774309158325
470,2670.133544921875,772.9336547851562,339.904296875,458.61041259765625,1,0,True,0.9447377324104309
470,785.4451904296875,780.2274780273438,293.70556640625,370.75225830078125,0,1,False,0.9233766198158264
471,2671.651611328125,766.4842529296875,338.83203125,452.757080078125,1,0,True,0.939316987991333
471,784.5999145507812,780.0127563476562,293.68060302734375,370.90985107421875,0,1,False,0.9230309724807739
472,2670.279052734375,754.53466796875,337.6328125,454.708984375,1,0,True,0.9454146027565002
472,783.662109375,779.32080078125,294.1844482421875,371.5107421875,0,1,False,0.9243199229240417
473,2668.6865234375,743.7158203125,336.52783203125,455.4171142578125,1,0,True,0.9529249668121338
473,782.9854736328125,778.9453735351562,294.7894287109375,371.92718505859375,0,1,False,0.9238370060920715
474,2667.070068359375,735.638427734375,336.14501953125,457.1705322265625,1,0,True,0.956641674041748
474,782.3106689453125,778.6298217773438,294.87646484375,372.42218017578125,0,1,False,0.922860860824585
475,2665.364501953125,730.6751098632812,336.45068359375,456.75238037109375,1,0,True,0.9582568407058716
475,782.2227172851562,778.35888671875,294.57281494140625,372.3409423828125,0,1,False,0.9231375455856323
476,2663.091064453125,728.06298828125,337.85986328125,462.7847900390625,1,0,True,0.9596763849258423
476,782.3429565429688,778.5157470703125,293.90875244140625,371.53466796875,0,1,False,0.9251943230628967
477,2660.738037109375,727.0548706054688,339.06103515625,472.85089111328125,1,0,True,0.9597665667533875
477,782.6092529296875,778.6934814453125,292.8323974609375,370.8929443359375,0,1,False,0.9276698231697083
478,2658.196533203125,727.1216430664062,340.55517578125,485.09906005859375,1,0,True,0.9571362137794495
478,782.8445434570312,778.3291015625,292.16497802734375,370.6646728515625,0,1,False,0.9289626479148865
479,2655.7919921875,728.9561767578125,342.0810546875,493.0087890625,1,0,True,0.9550747871398926
479,782.5714721679688,777.9124755859375,292.05841064453125,370.2501220703125,0,1,False,0.927074134349823
480,2654.501220703125,732.696533203125,342.9296875,499.520751953125,1,0,True,0.9542334675788879
480,782.1282958984375,777.68896484375,291.9461669921875,369.7933349609375,0,1,False,0.9268524050712585
481,2652.184814453125,737.494140625,344.974609375,503.4918212890625,1,0,True,0.9496803283691406
481,781.6197509765625,777.5667724609375,292.4532470703125,369.685546875,0,1,False,0.9252857565879822
482,2649.43212890625,744.5596313476562,347.1025390625,504.36907958984375,1,0,True,0.9543496370315552
482,780.3494873046875,777.454833984375,292.9210205078125,369.2706298828125,0,1,False,0.9246459603309631
483,2645.7490234375,755.92333984375,349.748046875,499.97998046875,1,0,True,0.9633463621139526
483,778.8292236328125,777.2256469726562,294.923583984375,369.51312255859375,0,1,False,0.9232589602470398
484,2643.12353515625,769.1906127929688,352.0009765625,492.43109130859375,1,0,True,0.9655848145484924
484,777.8577880859375,777.2697143554688,295.7039794921875,369.53179931640625,0,1,False,0.922408401966095
485,2639.639892578125,783.4886474609375,354.1455078125,481.780517578125,1,0,True,0.9665180444717407
485,777.3939208984375,777.0303344726562,296.245849609375,369.35186767578125,0,1,False,0.922625720500946
486,2635.166015625,795.1925659179688,357.1728515625,473.16094970703125,1,0,True,0.9662373661994934
486,777.3367919921875,776.87744140625,296.3499755859375,368.90869140625,0,1,False,0.9220187664031982
487,2631.36767578125,802.1102905273438,359.033203125,472.32171630859375,1,0,True,0.9617736339569092
487,777.2078857421875,775.0113525390625,297.0078125,369.7247314453125,0,1,False,0.9226893186569214
488,2628.414306640625,805.8991088867188,359.48583984375,475.67681884765625,1,0,True,0.9558496475219727
488,777.743896484375,772.9529418945312,297.10595703125,370.65277099609375,0,1,False,0.9240103960037231
489,2626.32421875,806.9190673828125,359.76611328125,477.31103515625,1,0,True,0.9563013911247253
489,778.0310668945312,770.612548828125,297.26800537109375,371.362548828125,0,1,False,0.9239691495895386
490,2624.960205078125,804.4623413085938,360.39404296875,478.40289306640625,1,0,True,0.9585084319114685
490,778.4679565429688,768.6791381835938,297.00421142578125,372.11370849609375,0,1,False,0.9236738085746765
491,2623.32763671875,800.5255737304688,362.1298828125,477.80230712890625,1,0,True,0.9626325368881226
491,778.6922607421875,767.6665649414062,296.452392578125,372.68743896484375,0,1,False,0.9231330752372742
492,2622.5771484375,793.7404174804688,362.3017578125,476.94293212890625,1,0,True,0.9637932777404785
492,778.795654296875,767.74072265625,296.7535400390625,372.270263671875,0,1,False,0.9228120446205139
493,2623.528564453125,785.1885986328125,361.01220703125,476.7120361328125,1,0,True,0.9654093384742737
493,778.9498291015625,768.921142578125,296.6661376953125,371.6307373046875,0,1,False,0.9219804406166077
494,2625.83984375,775.6048583984375,356.98193359375,475.5802001953125,1,0,True,0.9607459306716919
494,779.4341430664062,771.6596069335938,295.76251220703125,370.54351806640625,0,1,False,0.9223977327346802
495,2626.840576171875,764.9271240234375,353.55224609375,473.4891357421875,1,0,True,0.9518570899963379
495,779.0092163085938,773.52783203125,295.78619384765625,370.102294921875,0,1,False,0.9234263300895691
496,2628.77880859375,754.360107421875,349.3447265625,471.077880859375,1,0,True,0.9452471137046814
496,778.6544189453125,774.7152099609375,295.71240234375,369.575439453125,0,1,False,0.9235550165176392
497,2629.716064453125,745.361328125,348.29931640625,468.01806640625,1,0,True,0.947638213634491
497,778.52978515625,775.1131591796875,295.4842529296875,369.4329833984375,0,1,False,0.9235638976097107
498,2630.291748046875,737.8093872070312,348.19287109375,463.97637939453125,1,0,True,0.9494001269340515
498,778.402099609375,774.818603515625,295.685302734375,369.379150390625,0,1,False,0.9235966205596924
499,2631.054443359375,731.7941284179688,347.18896484375,462.63336181640625,1,0,True,0.9522277116775513
499,778.6044311523438,774.1798706054688,295.74737548828125,369.40753173828125,0,1,False,0.9233774542808533
500,2632.092041015625,728.0584106445312,345.9267578125,462.53118896484375,1,0,False,0.9545737504959106
500,778.749267578125,773.9742431640625,295.4647216796875,368.59716796875,0,1,False,0.922494113445282
